path,round,winners,winning_epoch,expected_epoch,grants_at_epoch
fresh,0,1,1,1,1
fresh,1,1,1,1,1
fresh,2,1,1,1,1
fresh,3,1,1,1,1
fresh,4,1,1,1,1
fresh,5,1,1,1,1
fresh,6,1,1,1,1
fresh,7,1,1,1,1
fresh,8,1,1,1,1
fresh,9,1,1,1,1
fresh,10,1,1,1,1
fresh,11,1,1,1,1
fresh,12,1,1,1,1
fresh,13,1,1,1,1
fresh,14,1,1,1,1
fresh,15,1,1,1,1
fresh,16,1,1,1,1
fresh,17,1,1,1,1
fresh,18,1,1,1,1
fresh,19,1,1,1,1
fresh,20,1,1,1,1
fresh,21,1,1,1,1
fresh,22,1,1,1,1
fresh,23,1,1,1,1
fresh,24,1,1,1,1
fresh,25,1,1,1,1
fresh,26,1,1,1,1
fresh,27,1,1,1,1
fresh,28,1,1,1,1
fresh,29,1,1,1,1
fresh,30,1,1,1,1
fresh,31,1,1,1,1
fresh,32,1,1,1,1
fresh,33,1,1,1,1
fresh,34,1,1,1,1
fresh,35,1,1,1,1
fresh,36,1,1,1,1
fresh,37,1,1,1,1
fresh,38,1,1,1,1
fresh,39,1,1,1,1
fresh,40,1,1,1,1
fresh,41,1,1,1,1
fresh,42,1,1,1,1
fresh,43,1,1,1,1
fresh,44,1,1,1,1
fresh,45,1,1,1,1
fresh,46,1,1,1,1
fresh,47,1,1,1,1
fresh,48,1,1,1,1
fresh,49,1,1,1,1
fresh,50,1,1,1,1
fresh,51,1,1,1,1
fresh,52,1,1,1,1
fresh,53,1,1,1,1
fresh,54,1,1,1,1
fresh,55,1,1,1,1
fresh,56,1,1,1,1
fresh,57,1,1,1,1
fresh,58,1,1,1,1
fresh,59,1,1,1,1
fresh,60,1,1,1,1
fresh,61,1,1,1,1
fresh,62,1,1,1,1
fresh,63,1,1,1,1
fresh,64,1,1,1,1
fresh,65,1,1,1,1
fresh,66,1,1,1,1
fresh,67,1,1,1,1
fresh,68,1,1,1,1
fresh,69,1,1,1,1
fresh,70,1,1,1,1
fresh,71,1,1,1,1
fresh,72,1,1,1,1
fresh,73,1,1,1,1
fresh,74,1,1,1,1
fresh,75,1,1,1,1
fresh,76,1,1,1,1
fresh,77,1,1,1,1
fresh,78,1,1,1,1
fresh,79,1,1,1,1
fresh,80,1,1,1,1
fresh,81,1,1,1,1
fresh,82,1,1,1,1
fresh,83,1,1,1,1
fresh,84,1,1,1,1
fresh,85,1,1,1,1
fresh,86,1,1,1,1
fresh,87,1,1,1,1
fresh,88,1,1,1,1
fresh,89,1,1,1,1
fresh,90,1,1,1,1
fresh,91,1,1,1,1
fresh,92,1,1,1,1
fresh,93,1,1,1,1
fresh,94,1,1,1,1
fresh,95,1,1,1,1
fresh,96,1,1,1,1
fresh,97,1,1,1,1
fresh,98,1,1,1,1
fresh,99,1,1,1,1
fresh,100,1,1,1,1
fresh,101,1,1,1,1
fresh,102,1,1,1,1
fresh,103,1,1,1,1
fresh,104,1,1,1,1
fresh,105,1,1,1,1
fresh,106,1,1,1,1
fresh,107,1,1,1,1
fresh,108,1,1,1,1
fresh,109,1,1,1,1
fresh,110,1,1,1,1
fresh,111,1,1,1,1
fresh,112,1,1,1,1
fresh,113,1,1,1,1
fresh,114,1,1,1,1
fresh,115,1,1,1,1
fresh,116,1,1,1,1
fresh,117,1,1,1,1
fresh,118,1,1,1,1
fresh,119,1,1,1,1
fresh,120,1,1,1,1
fresh,121,1,1,1,1
fresh,122,1,1,1,1
fresh,123,1,1,1,1
fresh,124,1,1,1,1
fresh,125,1,1,1,1
fresh,126,1,1,1,1
fresh,127,1,1,1,1
fresh,128,1,1,1,1
fresh,129,1,1,1,1
fresh,130,1,1,1,1
fresh,131,1,1,1,1
fresh,132,1,1,1,1
fresh,133,1,1,1,1
fresh,134,1,1,1,1
fresh,135,1,1,1,1
fresh,136,1,1,1,1
fresh,137,1,1,1,1
fresh,138,1,1,1,1
fresh,139,1,1,1,1
fresh,140,1,1,1,1
fresh,141,1,1,1,1
fresh,142,1,1,1,1
fresh,143,1,1,1,1
fresh,144,1,1,1,1
fresh,145,1,1,1,1
fresh,146,1,1,1,1
fresh,147,1,1,1,1
fresh,148,1,1,1,1
fresh,149,1,1,1,1
fresh,150,1,1,1,1
fresh,151,1,1,1,1
fresh,152,1,1,1,1
fresh,153,1,1,1,1
fresh,154,1,1,1,1
fresh,155,1,1,1,1
fresh,156,1,1,1,1
fresh,157,1,1,1,1
fresh,158,1,1,1,1
fresh,159,1,1,1,1
fresh,160,1,1,1,1
fresh,161,1,1,1,1
fresh,162,1,1,1,1
fresh,163,1,1,1,1
fresh,164,1,1,1,1
fresh,165,1,1,1,1
fresh,166,1,1,1,1
fresh,167,1,1,1,1
fresh,168,1,1,1,1
fresh,169,1,1,1,1
fresh,170,1,1,1,1
fresh,171,1,1,1,1
fresh,172,1,1,1,1
fresh,173,1,1,1,1
fresh,174,1,1,1,1
fresh,175,1,1,1,1
fresh,176,1,1,1,1
fresh,177,1,1,1,1
fresh,178,1,1,1,1
fresh,179,1,1,1,1
fresh,180,1,1,1,1
fresh,181,1,1,1,1
fresh,182,1,1,1,1
fresh,183,1,1,1,1
fresh,184,1,1,1,1
fresh,185,1,1,1,1
fresh,186,1,1,1,1
fresh,187,1,1,1,1
fresh,188,1,1,1,1
fresh,189,1,1,1,1
fresh,190,1,1,1,1
fresh,191,1,1,1,1
fresh,192,1,1,1,1
fresh,193,1,1,1,1
fresh,194,1,1,1,1
fresh,195,1,1,1,1
fresh,196,1,1,1,1
fresh,197,1,1,1,1
fresh,198,1,1,1,1
fresh,199,1,1,1,1
fresh,200,1,1,1,1
fresh,201,1,1,1,1
fresh,202,1,1,1,1
fresh,203,1,1,1,1
fresh,204,1,1,1,1
fresh,205,1,1,1,1
fresh,206,1,1,1,1
fresh,207,1,1,1,1
fresh,208,1,1,1,1
fresh,209,1,1,1,1
fresh,210,1,1,1,1
fresh,211,1,1,1,1
fresh,212,1,1,1,1
fresh,213,1,1,1,1
fresh,214,1,1,1,1
fresh,215,1,1,1,1
fresh,216,1,1,1,1
fresh,217,1,1,1,1
fresh,218,1,1,1,1
fresh,219,1,1,1,1
fresh,220,1,1,1,1
fresh,221,1,1,1,1
fresh,222,1,1,1,1
fresh,223,1,1,1,1
fresh,224,1,1,1,1
fresh,225,1,1,1,1
fresh,226,1,1,1,1
fresh,227,1,1,1,1
fresh,228,1,1,1,1
fresh,229,1,1,1,1
fresh,230,1,1,1,1
fresh,231,1,1,1,1
fresh,232,1,1,1,1
fresh,233,1,1,1,1
fresh,234,1,1,1,1
fresh,235,1,1,1,1
fresh,236,1,1,1,1
fresh,237,1,1,1,1
fresh,238,1,1,1,1
fresh,239,1,1,1,1
fresh,240,1,1,1,1
fresh,241,1,1,1,1
fresh,242,1,1,1,1
fresh,243,1,1,1,1
fresh,244,1,1,1,1
fresh,245,1,1,1,1
fresh,246,1,1,1,1
fresh,247,1,1,1,1
fresh,248,1,1,1,1
fresh,249,1,1,1,1
fresh,250,1,1,1,1
fresh,251,1,1,1,1
fresh,252,1,1,1,1
fresh,253,1,1,1,1
fresh,254,1,1,1,1
fresh,255,1,1,1,1
fresh,256,1,1,1,1
fresh,257,1,1,1,1
fresh,258,1,1,1,1
fresh,259,1,1,1,1
fresh,260,1,1,1,1
fresh,261,1,1,1,1
fresh,262,1,1,1,1
fresh,263,1,1,1,1
fresh,264,1,1,1,1
fresh,265,1,1,1,1
fresh,266,1,1,1,1
fresh,267,1,1,1,1
fresh,268,1,1,1,1
fresh,269,1,1,1,1
fresh,270,1,1,1,1
fresh,271,1,1,1,1
fresh,272,1,1,1,1
fresh,273,1,1,1,1
fresh,274,1,1,1,1
fresh,275,1,1,1,1
fresh,276,1,1,1,1
fresh,277,1,1,1,1
fresh,278,1,1,1,1
fresh,279,1,1,1,1
fresh,280,1,1,1,1
fresh,281,1,1,1,1
fresh,282,1,1,1,1
fresh,283,1,1,1,1
fresh,284,1,1,1,1
fresh,285,1,1,1,1
fresh,286,1,1,1,1
fresh,287,1,1,1,1
fresh,288,1,1,1,1
fresh,289,1,1,1,1
fresh,290,1,1,1,1
fresh,291,1,1,1,1
fresh,292,1,1,1,1
fresh,293,1,1,1,1
fresh,294,1,1,1,1
fresh,295,1,1,1,1
fresh,296,1,1,1,1
fresh,297,1,1,1,1
fresh,298,1,1,1,1
fresh,299,1,1,1,1
fresh,300,1,1,1,1
fresh,301,1,1,1,1
fresh,302,1,1,1,1
fresh,303,1,1,1,1
fresh,304,1,1,1,1
fresh,305,1,1,1,1
fresh,306,1,1,1,1
fresh,307,1,1,1,1
fresh,308,1,1,1,1
fresh,309,1,1,1,1
fresh,310,1,1,1,1
fresh,311,1,1,1,1
fresh,312,1,1,1,1
fresh,313,1,1,1,1
fresh,314,1,1,1,1
fresh,315,1,1,1,1
fresh,316,1,1,1,1
fresh,317,1,1,1,1
fresh,318,1,1,1,1
fresh,319,1,1,1,1
fresh,320,1,1,1,1
fresh,321,1,1,1,1
fresh,322,1,1,1,1
fresh,323,1,1,1,1
fresh,324,1,1,1,1
fresh,325,1,1,1,1
fresh,326,1,1,1,1
fresh,327,1,1,1,1
fresh,328,1,1,1,1
fresh,329,1,1,1,1
fresh,330,1,1,1,1
fresh,331,1,1,1,1
fresh,332,1,1,1,1
fresh,333,1,1,1,1
fresh,334,1,1,1,1
fresh,335,1,1,1,1
fresh,336,1,1,1,1
fresh,337,1,1,1,1
fresh,338,1,1,1,1
fresh,339,1,1,1,1
fresh,340,1,1,1,1
fresh,341,1,1,1,1
fresh,342,1,1,1,1
fresh,343,1,1,1,1
fresh,344,1,1,1,1
fresh,345,1,1,1,1
fresh,346,1,1,1,1
fresh,347,1,1,1,1
fresh,348,1,1,1,1
fresh,349,1,1,1,1
fresh,350,1,1,1,1
fresh,351,1,1,1,1
fresh,352,1,1,1,1
fresh,353,1,1,1,1
fresh,354,1,1,1,1
fresh,355,1,1,1,1
fresh,356,1,1,1,1
fresh,357,1,1,1,1
fresh,358,1,1,1,1
fresh,359,1,1,1,1
fresh,360,1,1,1,1
fresh,361,1,1,1,1
fresh,362,1,1,1,1
fresh,363,1,1,1,1
fresh,364,1,1,1,1
fresh,365,1,1,1,1
fresh,366,1,1,1,1
fresh,367,1,1,1,1
fresh,368,1,1,1,1
fresh,369,1,1,1,1
fresh,370,1,1,1,1
fresh,371,1,1,1,1
fresh,372,1,1,1,1
fresh,373,1,1,1,1
fresh,374,1,1,1,1
fresh,375,1,1,1,1
fresh,376,1,1,1,1
fresh,377,1,1,1,1
fresh,378,1,1,1,1
fresh,379,1,1,1,1
fresh,380,1,1,1,1
fresh,381,1,1,1,1
fresh,382,1,1,1,1
fresh,383,1,1,1,1
fresh,384,1,1,1,1
fresh,385,1,1,1,1
fresh,386,1,1,1,1
fresh,387,1,1,1,1
fresh,388,1,1,1,1
fresh,389,1,1,1,1
fresh,390,1,1,1,1
fresh,391,1,1,1,1
fresh,392,1,1,1,1
fresh,393,1,1,1,1
fresh,394,1,1,1,1
fresh,395,1,1,1,1
fresh,396,1,1,1,1
fresh,397,1,1,1,1
fresh,398,1,1,1,1
fresh,399,1,1,1,1
fresh,400,1,1,1,1
fresh,401,1,1,1,1
fresh,402,1,1,1,1
fresh,403,1,1,1,1
fresh,404,1,1,1,1
fresh,405,1,1,1,1
fresh,406,1,1,1,1
fresh,407,1,1,1,1
fresh,408,1,1,1,1
fresh,409,1,1,1,1
fresh,410,1,1,1,1
fresh,411,1,1,1,1
fresh,412,1,1,1,1
fresh,413,1,1,1,1
fresh,414,1,1,1,1
fresh,415,1,1,1,1
fresh,416,1,1,1,1
fresh,417,1,1,1,1
fresh,418,1,1,1,1
fresh,419,1,1,1,1
fresh,420,1,1,1,1
fresh,421,1,1,1,1
fresh,422,1,1,1,1
fresh,423,1,1,1,1
fresh,424,1,1,1,1
fresh,425,1,1,1,1
fresh,426,1,1,1,1
fresh,427,1,1,1,1
fresh,428,1,1,1,1
fresh,429,1,1,1,1
fresh,430,1,1,1,1
fresh,431,1,1,1,1
fresh,432,1,1,1,1
fresh,433,1,1,1,1
fresh,434,1,1,1,1
fresh,435,1,1,1,1
fresh,436,1,1,1,1
fresh,437,1,1,1,1
fresh,438,1,1,1,1
fresh,439,1,1,1,1
fresh,440,1,1,1,1
fresh,441,1,1,1,1
fresh,442,1,1,1,1
fresh,443,1,1,1,1
fresh,444,1,1,1,1
fresh,445,1,1,1,1
fresh,446,1,1,1,1
fresh,447,1,1,1,1
fresh,448,1,1,1,1
fresh,449,1,1,1,1
fresh,450,1,1,1,1
fresh,451,1,1,1,1
fresh,452,1,1,1,1
fresh,453,1,1,1,1
fresh,454,1,1,1,1
fresh,455,1,1,1,1
fresh,456,1,1,1,1
fresh,457,1,1,1,1
fresh,458,1,1,1,1
fresh,459,1,1,1,1
fresh,460,1,1,1,1
fresh,461,1,1,1,1
fresh,462,1,1,1,1
fresh,463,1,1,1,1
fresh,464,1,1,1,1
fresh,465,1,1,1,1
fresh,466,1,1,1,1
fresh,467,1,1,1,1
fresh,468,1,1,1,1
fresh,469,1,1,1,1
fresh,470,1,1,1,1
fresh,471,1,1,1,1
fresh,472,1,1,1,1
fresh,473,1,1,1,1
fresh,474,1,1,1,1
fresh,475,1,1,1,1
fresh,476,1,1,1,1
fresh,477,1,1,1,1
fresh,478,1,1,1,1
fresh,479,1,1,1,1
fresh,480,1,1,1,1
fresh,481,1,1,1,1
fresh,482,1,1,1,1
fresh,483,1,1,1,1
fresh,484,1,1,1,1
fresh,485,1,1,1,1
fresh,486,1,1,1,1
fresh,487,1,1,1,1
fresh,488,1,1,1,1
fresh,489,1,1,1,1
fresh,490,1,1,1,1
fresh,491,1,1,1,1
fresh,492,1,1,1,1
fresh,493,1,1,1,1
fresh,494,1,1,1,1
fresh,495,1,1,1,1
fresh,496,1,1,1,1
fresh,497,1,1,1,1
fresh,498,1,1,1,1
fresh,499,1,1,1,1
fresh,500,1,1,1,1
fresh,501,1,1,1,1
fresh,502,1,1,1,1
fresh,503,1,1,1,1
fresh,504,1,1,1,1
fresh,505,1,1,1,1
fresh,506,1,1,1,1
fresh,507,1,1,1,1
fresh,508,1,1,1,1
fresh,509,1,1,1,1
fresh,510,1,1,1,1
fresh,511,1,1,1,1
fresh,512,1,1,1,1
fresh,513,1,1,1,1
fresh,514,1,1,1,1
fresh,515,1,1,1,1
fresh,516,1,1,1,1
fresh,517,1,1,1,1
fresh,518,1,1,1,1
fresh,519,1,1,1,1
fresh,520,1,1,1,1
fresh,521,1,1,1,1
fresh,522,1,1,1,1
fresh,523,1,1,1,1
fresh,524,1,1,1,1
fresh,525,1,1,1,1
fresh,526,1,1,1,1
fresh,527,1,1,1,1
fresh,528,1,1,1,1
fresh,529,1,1,1,1
fresh,530,1,1,1,1
fresh,531,1,1,1,1
fresh,532,1,1,1,1
fresh,533,1,1,1,1
fresh,534,1,1,1,1
fresh,535,1,1,1,1
fresh,536,1,1,1,1
fresh,537,1,1,1,1
fresh,538,1,1,1,1
fresh,539,1,1,1,1
fresh,540,1,1,1,1
fresh,541,1,1,1,1
fresh,542,1,1,1,1
fresh,543,1,1,1,1
fresh,544,1,1,1,1
fresh,545,1,1,1,1
fresh,546,1,1,1,1
fresh,547,1,1,1,1
fresh,548,1,1,1,1
fresh,549,1,1,1,1
fresh,550,1,1,1,1
fresh,551,1,1,1,1
fresh,552,1,1,1,1
fresh,553,1,1,1,1
fresh,554,1,1,1,1
fresh,555,1,1,1,1
fresh,556,1,1,1,1
fresh,557,1,1,1,1
fresh,558,1,1,1,1
fresh,559,1,1,1,1
fresh,560,1,1,1,1
fresh,561,1,1,1,1
fresh,562,1,1,1,1
fresh,563,1,1,1,1
fresh,564,1,1,1,1
fresh,565,1,1,1,1
fresh,566,1,1,1,1
fresh,567,1,1,1,1
fresh,568,1,1,1,1
fresh,569,1,1,1,1
fresh,570,1,1,1,1
fresh,571,1,1,1,1
fresh,572,1,1,1,1
fresh,573,1,1,1,1
fresh,574,1,1,1,1
fresh,575,1,1,1,1
fresh,576,1,1,1,1
fresh,577,1,1,1,1
fresh,578,1,1,1,1
fresh,579,1,1,1,1
fresh,580,1,1,1,1
fresh,581,1,1,1,1
fresh,582,1,1,1,1
fresh,583,1,1,1,1
fresh,584,1,1,1,1
fresh,585,1,1,1,1
fresh,586,1,1,1,1
fresh,587,1,1,1,1
fresh,588,1,1,1,1
fresh,589,1,1,1,1
fresh,590,1,1,1,1
fresh,591,1,1,1,1
fresh,592,1,1,1,1
fresh,593,1,1,1,1
fresh,594,1,1,1,1
fresh,595,1,1,1,1
fresh,596,1,1,1,1
fresh,597,1,1,1,1
fresh,598,1,1,1,1
fresh,599,1,1,1,1
fresh,600,1,1,1,1
fresh,601,1,1,1,1
fresh,602,1,1,1,1
fresh,603,1,1,1,1
fresh,604,1,1,1,1
fresh,605,1,1,1,1
fresh,606,1,1,1,1
fresh,607,1,1,1,1
fresh,608,1,1,1,1
fresh,609,1,1,1,1
fresh,610,1,1,1,1
fresh,611,1,1,1,1
fresh,612,1,1,1,1
fresh,613,1,1,1,1
fresh,614,1,1,1,1
fresh,615,1,1,1,1
fresh,616,1,1,1,1
fresh,617,1,1,1,1
fresh,618,1,1,1,1
fresh,619,1,1,1,1
fresh,620,1,1,1,1
fresh,621,1,1,1,1
fresh,622,1,1,1,1
fresh,623,1,1,1,1
fresh,624,1,1,1,1
fresh,625,1,1,1,1
fresh,626,1,1,1,1
fresh,627,1,1,1,1
fresh,628,1,1,1,1
fresh,629,1,1,1,1
fresh,630,1,1,1,1
fresh,631,1,1,1,1
fresh,632,1,1,1,1
fresh,633,1,1,1,1
fresh,634,1,1,1,1
fresh,635,1,1,1,1
fresh,636,1,1,1,1
fresh,637,1,1,1,1
fresh,638,1,1,1,1
fresh,639,1,1,1,1
fresh,640,1,1,1,1
fresh,641,1,1,1,1
fresh,642,1,1,1,1
fresh,643,1,1,1,1
fresh,644,1,1,1,1
fresh,645,1,1,1,1
fresh,646,1,1,1,1
fresh,647,1,1,1,1
fresh,648,1,1,1,1
fresh,649,1,1,1,1
fresh,650,1,1,1,1
fresh,651,1,1,1,1
fresh,652,1,1,1,1
fresh,653,1,1,1,1
fresh,654,1,1,1,1
fresh,655,1,1,1,1
fresh,656,1,1,1,1
fresh,657,1,1,1,1
fresh,658,1,1,1,1
fresh,659,1,1,1,1
fresh,660,1,1,1,1
fresh,661,1,1,1,1
fresh,662,1,1,1,1
fresh,663,1,1,1,1
fresh,664,1,1,1,1
fresh,665,1,1,1,1
fresh,666,1,1,1,1
fresh,667,1,1,1,1
fresh,668,1,1,1,1
fresh,669,1,1,1,1
fresh,670,1,1,1,1
fresh,671,1,1,1,1
fresh,672,1,1,1,1
fresh,673,1,1,1,1
fresh,674,1,1,1,1
fresh,675,1,1,1,1
fresh,676,1,1,1,1
fresh,677,1,1,1,1
fresh,678,1,1,1,1
fresh,679,1,1,1,1
fresh,680,1,1,1,1
fresh,681,1,1,1,1
fresh,682,1,1,1,1
fresh,683,1,1,1,1
fresh,684,1,1,1,1
fresh,685,1,1,1,1
fresh,686,1,1,1,1
fresh,687,1,1,1,1
fresh,688,1,1,1,1
fresh,689,1,1,1,1
fresh,690,1,1,1,1
fresh,691,1,1,1,1
fresh,692,1,1,1,1
fresh,693,1,1,1,1
fresh,694,1,1,1,1
fresh,695,1,1,1,1
fresh,696,1,1,1,1
fresh,697,1,1,1,1
fresh,698,1,1,1,1
fresh,699,1,1,1,1
fresh,700,1,1,1,1
fresh,701,1,1,1,1
fresh,702,1,1,1,1
fresh,703,1,1,1,1
fresh,704,1,1,1,1
fresh,705,1,1,1,1
fresh,706,1,1,1,1
fresh,707,1,1,1,1
fresh,708,1,1,1,1
fresh,709,1,1,1,1
fresh,710,1,1,1,1
fresh,711,1,1,1,1
fresh,712,1,1,1,1
fresh,713,1,1,1,1
fresh,714,1,1,1,1
fresh,715,1,1,1,1
fresh,716,1,1,1,1
fresh,717,1,1,1,1
fresh,718,1,1,1,1
fresh,719,1,1,1,1
fresh,720,1,1,1,1
fresh,721,1,1,1,1
fresh,722,1,1,1,1
fresh,723,1,1,1,1
fresh,724,1,1,1,1
fresh,725,1,1,1,1
fresh,726,1,1,1,1
fresh,727,1,1,1,1
fresh,728,1,1,1,1
fresh,729,1,1,1,1
fresh,730,1,1,1,1
fresh,731,1,1,1,1
fresh,732,1,1,1,1
fresh,733,1,1,1,1
fresh,734,1,1,1,1
fresh,735,1,1,1,1
fresh,736,1,1,1,1
fresh,737,1,1,1,1
fresh,738,1,1,1,1
fresh,739,1,1,1,1
fresh,740,1,1,1,1
fresh,741,1,1,1,1
fresh,742,1,1,1,1
fresh,743,1,1,1,1
fresh,744,1,1,1,1
fresh,745,1,1,1,1
fresh,746,1,1,1,1
fresh,747,1,1,1,1
fresh,748,1,1,1,1
fresh,749,1,1,1,1
fresh,750,1,1,1,1
fresh,751,1,1,1,1
fresh,752,1,1,1,1
fresh,753,1,1,1,1
fresh,754,1,1,1,1
fresh,755,1,1,1,1
fresh,756,1,1,1,1
fresh,757,1,1,1,1
fresh,758,1,1,1,1
fresh,759,1,1,1,1
fresh,760,1,1,1,1
fresh,761,1,1,1,1
fresh,762,1,1,1,1
fresh,763,1,1,1,1
fresh,764,1,1,1,1
fresh,765,1,1,1,1
fresh,766,1,1,1,1
fresh,767,1,1,1,1
fresh,768,1,1,1,1
fresh,769,1,1,1,1
fresh,770,1,1,1,1
fresh,771,1,1,1,1
fresh,772,1,1,1,1
fresh,773,1,1,1,1
fresh,774,1,1,1,1
fresh,775,1,1,1,1
fresh,776,1,1,1,1
fresh,777,1,1,1,1
fresh,778,1,1,1,1
fresh,779,1,1,1,1
fresh,780,1,1,1,1
fresh,781,1,1,1,1
fresh,782,1,1,1,1
fresh,783,1,1,1,1
fresh,784,1,1,1,1
fresh,785,1,1,1,1
fresh,786,1,1,1,1
fresh,787,1,1,1,1
fresh,788,1,1,1,1
fresh,789,1,1,1,1
fresh,790,1,1,1,1
fresh,791,1,1,1,1
fresh,792,1,1,1,1
fresh,793,1,1,1,1
fresh,794,1,1,1,1
fresh,795,1,1,1,1
fresh,796,1,1,1,1
fresh,797,1,1,1,1
fresh,798,1,1,1,1
fresh,799,1,1,1,1
fresh,800,1,1,1,1
fresh,801,1,1,1,1
fresh,802,1,1,1,1
fresh,803,1,1,1,1
fresh,804,1,1,1,1
fresh,805,1,1,1,1
fresh,806,1,1,1,1
fresh,807,1,1,1,1
fresh,808,1,1,1,1
fresh,809,1,1,1,1
fresh,810,1,1,1,1
fresh,811,1,1,1,1
fresh,812,1,1,1,1
fresh,813,1,1,1,1
fresh,814,1,1,1,1
fresh,815,1,1,1,1
fresh,816,1,1,1,1
fresh,817,1,1,1,1
fresh,818,1,1,1,1
fresh,819,1,1,1,1
fresh,820,1,1,1,1
fresh,821,1,1,1,1
fresh,822,1,1,1,1
fresh,823,1,1,1,1
fresh,824,1,1,1,1
fresh,825,1,1,1,1
fresh,826,1,1,1,1
fresh,827,1,1,1,1
fresh,828,1,1,1,1
fresh,829,1,1,1,1
fresh,830,1,1,1,1
fresh,831,1,1,1,1
fresh,832,1,1,1,1
fresh,833,1,1,1,1
fresh,834,1,1,1,1
fresh,835,1,1,1,1
fresh,836,1,1,1,1
fresh,837,1,1,1,1
fresh,838,1,1,1,1
fresh,839,1,1,1,1
fresh,840,1,1,1,1
fresh,841,1,1,1,1
fresh,842,1,1,1,1
fresh,843,1,1,1,1
fresh,844,1,1,1,1
fresh,845,1,1,1,1
fresh,846,1,1,1,1
fresh,847,1,1,1,1
fresh,848,1,1,1,1
fresh,849,1,1,1,1
fresh,850,1,1,1,1
fresh,851,1,1,1,1
fresh,852,1,1,1,1
fresh,853,1,1,1,1
fresh,854,1,1,1,1
fresh,855,1,1,1,1
fresh,856,1,1,1,1
fresh,857,1,1,1,1
fresh,858,1,1,1,1
fresh,859,1,1,1,1
fresh,860,1,1,1,1
fresh,861,1,1,1,1
fresh,862,1,1,1,1
fresh,863,1,1,1,1
fresh,864,1,1,1,1
fresh,865,1,1,1,1
fresh,866,1,1,1,1
fresh,867,1,1,1,1
fresh,868,1,1,1,1
fresh,869,1,1,1,1
fresh,870,1,1,1,1
fresh,871,1,1,1,1
fresh,872,1,1,1,1
fresh,873,1,1,1,1
fresh,874,1,1,1,1
fresh,875,1,1,1,1
fresh,876,1,1,1,1
fresh,877,1,1,1,1
fresh,878,1,1,1,1
fresh,879,1,1,1,1
fresh,880,1,1,1,1
fresh,881,1,1,1,1
fresh,882,1,1,1,1
fresh,883,1,1,1,1
fresh,884,1,1,1,1
fresh,885,1,1,1,1
fresh,886,1,1,1,1
fresh,887,1,1,1,1
fresh,888,1,1,1,1
fresh,889,1,1,1,1
fresh,890,1,1,1,1
fresh,891,1,1,1,1
fresh,892,1,1,1,1
fresh,893,1,1,1,1
fresh,894,1,1,1,1
fresh,895,1,1,1,1
fresh,896,1,1,1,1
fresh,897,1,1,1,1
fresh,898,1,1,1,1
fresh,899,1,1,1,1
fresh,900,1,1,1,1
fresh,901,1,1,1,1
fresh,902,1,1,1,1
fresh,903,1,1,1,1
fresh,904,1,1,1,1
fresh,905,1,1,1,1
fresh,906,1,1,1,1
fresh,907,1,1,1,1
fresh,908,1,1,1,1
fresh,909,1,1,1,1
fresh,910,1,1,1,1
fresh,911,1,1,1,1
fresh,912,1,1,1,1
fresh,913,1,1,1,1
fresh,914,1,1,1,1
fresh,915,1,1,1,1
fresh,916,1,1,1,1
fresh,917,1,1,1,1
fresh,918,1,1,1,1
fresh,919,1,1,1,1
fresh,920,1,1,1,1
fresh,921,1,1,1,1
fresh,922,1,1,1,1
fresh,923,1,1,1,1
fresh,924,1,1,1,1
fresh,925,1,1,1,1
fresh,926,1,1,1,1
fresh,927,1,1,1,1
fresh,928,1,1,1,1
fresh,929,1,1,1,1
fresh,930,1,1,1,1
fresh,931,1,1,1,1
fresh,932,1,1,1,1
fresh,933,1,1,1,1
fresh,934,1,1,1,1
fresh,935,1,1,1,1
fresh,936,1,1,1,1
fresh,937,1,1,1,1
fresh,938,1,1,1,1
fresh,939,1,1,1,1
fresh,940,1,1,1,1
fresh,941,1,1,1,1
fresh,942,1,1,1,1
fresh,943,1,1,1,1
fresh,944,1,1,1,1
fresh,945,1,1,1,1
fresh,946,1,1,1,1
fresh,947,1,1,1,1
fresh,948,1,1,1,1
fresh,949,1,1,1,1
fresh,950,1,1,1,1
fresh,951,1,1,1,1
fresh,952,1,1,1,1
fresh,953,1,1,1,1
fresh,954,1,1,1,1
fresh,955,1,1,1,1
fresh,956,1,1,1,1
fresh,957,1,1,1,1
fresh,958,1,1,1,1
fresh,959,1,1,1,1
fresh,960,1,1,1,1
fresh,961,1,1,1,1
fresh,962,1,1,1,1
fresh,963,1,1,1,1
fresh,964,1,1,1,1
fresh,965,1,1,1,1
fresh,966,1,1,1,1
fresh,967,1,1,1,1
fresh,968,1,1,1,1
fresh,969,1,1,1,1
fresh,970,1,1,1,1
fresh,971,1,1,1,1
fresh,972,1,1,1,1
fresh,973,1,1,1,1
fresh,974,1,1,1,1
fresh,975,1,1,1,1
fresh,976,1,1,1,1
fresh,977,1,1,1,1
fresh,978,1,1,1,1
fresh,979,1,1,1,1
fresh,980,1,1,1,1
fresh,981,1,1,1,1
fresh,982,1,1,1,1
fresh,983,1,1,1,1
fresh,984,1,1,1,1
fresh,985,1,1,1,1
fresh,986,1,1,1,1
fresh,987,1,1,1,1
fresh,988,1,1,1,1
fresh,989,1,1,1,1
fresh,990,1,1,1,1
fresh,991,1,1,1,1
fresh,992,1,1,1,1
fresh,993,1,1,1,1
fresh,994,1,1,1,1
fresh,995,1,1,1,1
fresh,996,1,1,1,1
fresh,997,1,1,1,1
fresh,998,1,1,1,1
fresh,999,1,1,1,1
expired,0,1,2,2,1
expired,1,1,2,2,1
expired,2,1,2,2,1
expired,3,1,2,2,1
expired,4,1,2,2,1
expired,5,1,2,2,1
expired,6,1,2,2,1
expired,7,1,2,2,1
expired,8,1,2,2,1
expired,9,1,2,2,1
expired,10,1,2,2,1
expired,11,1,2,2,1
expired,12,1,2,2,1
expired,13,1,2,2,1
expired,14,1,2,2,1
expired,15,1,2,2,1
expired,16,1,2,2,1
expired,17,1,2,2,1
expired,18,1,2,2,1
expired,19,1,2,2,1
expired,20,1,2,2,1
expired,21,1,2,2,1
expired,22,1,2,2,1
expired,23,1,2,2,1
expired,24,1,2,2,1
expired,25,1,2,2,1
expired,26,1,2,2,1
expired,27,1,2,2,1
expired,28,1,2,2,1
expired,29,1,2,2,1
expired,30,1,2,2,1
expired,31,1,2,2,1
expired,32,1,2,2,1
expired,33,1,2,2,1
expired,34,1,2,2,1
expired,35,1,2,2,1
expired,36,1,2,2,1
expired,37,1,2,2,1
expired,38,1,2,2,1
expired,39,1,2,2,1
expired,40,1,2,2,1
expired,41,1,2,2,1
expired,42,1,2,2,1
expired,43,1,2,2,1
expired,44,1,2,2,1
expired,45,1,2,2,1
expired,46,1,2,2,1
expired,47,1,2,2,1
expired,48,1,2,2,1
expired,49,1,2,2,1
expired,50,1,2,2,1
expired,51,1,2,2,1
expired,52,1,2,2,1
expired,53,1,2,2,1
expired,54,1,2,2,1
expired,55,1,2,2,1
expired,56,1,2,2,1
expired,57,1,2,2,1
expired,58,1,2,2,1
expired,59,1,2,2,1
expired,60,1,2,2,1
expired,61,1,2,2,1
expired,62,1,2,2,1
expired,63,1,2,2,1
expired,64,1,2,2,1
expired,65,1,2,2,1
expired,66,1,2,2,1
expired,67,1,2,2,1
expired,68,1,2,2,1
expired,69,1,2,2,1
expired,70,1,2,2,1
expired,71,1,2,2,1
expired,72,1,2,2,1
expired,73,1,2,2,1
expired,74,1,2,2,1
expired,75,1,2,2,1
expired,76,1,2,2,1
expired,77,1,2,2,1
expired,78,1,2,2,1
expired,79,1,2,2,1
expired,80,1,2,2,1
expired,81,1,2,2,1
expired,82,1,2,2,1
expired,83,1,2,2,1
expired,84,1,2,2,1
expired,85,1,2,2,1
expired,86,1,2,2,1
expired,87,1,2,2,1
expired,88,1,2,2,1
expired,89,1,2,2,1
expired,90,1,2,2,1
expired,91,1,2,2,1
expired,92,1,2,2,1
expired,93,1,2,2,1
expired,94,1,2,2,1
expired,95,1,2,2,1
expired,96,1,2,2,1
expired,97,1,2,2,1
expired,98,1,2,2,1
expired,99,1,2,2,1
expired,100,1,2,2,1
expired,101,1,2,2,1
expired,102,1,2,2,1
expired,103,1,2,2,1
expired,104,1,2,2,1
expired,105,1,2,2,1
expired,106,1,2,2,1
expired,107,1,2,2,1
expired,108,1,2,2,1
expired,109,1,2,2,1
expired,110,1,2,2,1
expired,111,1,2,2,1
expired,112,1,2,2,1
expired,113,1,2,2,1
expired,114,1,2,2,1
expired,115,1,2,2,1
expired,116,1,2,2,1
expired,117,1,2,2,1
expired,118,1,2,2,1
expired,119,1,2,2,1
expired,120,1,2,2,1
expired,121,1,2,2,1
expired,122,1,2,2,1
expired,123,1,2,2,1
expired,124,1,2,2,1
expired,125,1,2,2,1
expired,126,1,2,2,1
expired,127,1,2,2,1
expired,128,1,2,2,1
expired,129,1,2,2,1
expired,130,1,2,2,1
expired,131,1,2,2,1
expired,132,1,2,2,1
expired,133,1,2,2,1
expired,134,1,2,2,1
expired,135,1,2,2,1
expired,136,1,2,2,1
expired,137,1,2,2,1
expired,138,1,2,2,1
expired,139,1,2,2,1
expired,140,1,2,2,1
expired,141,1,2,2,1
expired,142,1,2,2,1
expired,143,1,2,2,1
expired,144,1,2,2,1
expired,145,1,2,2,1
expired,146,1,2,2,1
expired,147,1,2,2,1
expired,148,1,2,2,1
expired,149,1,2,2,1
expired,150,1,2,2,1
expired,151,1,2,2,1
expired,152,1,2,2,1
expired,153,1,2,2,1
expired,154,1,2,2,1
expired,155,1,2,2,1
expired,156,1,2,2,1
expired,157,1,2,2,1
expired,158,1,2,2,1
expired,159,1,2,2,1
expired,160,1,2,2,1
expired,161,1,2,2,1
expired,162,1,2,2,1
expired,163,1,2,2,1
expired,164,1,2,2,1
expired,165,1,2,2,1
expired,166,1,2,2,1
expired,167,1,2,2,1
expired,168,1,2,2,1
expired,169,1,2,2,1
expired,170,1,2,2,1
expired,171,1,2,2,1
expired,172,1,2,2,1
expired,173,1,2,2,1
expired,174,1,2,2,1
expired,175,1,2,2,1
expired,176,1,2,2,1
expired,177,1,2,2,1
expired,178,1,2,2,1
expired,179,1,2,2,1
expired,180,1,2,2,1
expired,181,1,2,2,1
expired,182,1,2,2,1
expired,183,1,2,2,1
expired,184,1,2,2,1
expired,185,1,2,2,1
expired,186,1,2,2,1
expired,187,1,2,2,1
expired,188,1,2,2,1
expired,189,1,2,2,1
expired,190,1,2,2,1
expired,191,1,2,2,1
expired,192,1,2,2,1
expired,193,1,2,2,1
expired,194,1,2,2,1
expired,195,1,2,2,1
expired,196,1,2,2,1
expired,197,1,2,2,1
expired,198,1,2,2,1
expired,199,1,2,2,1
expired,200,1,2,2,1
expired,201,1,2,2,1
expired,202,1,2,2,1
expired,203,1,2,2,1
expired,204,1,2,2,1
expired,205,1,2,2,1
expired,206,1,2,2,1
expired,207,1,2,2,1
expired,208,1,2,2,1
expired,209,1,2,2,1
expired,210,1,2,2,1
expired,211,1,2,2,1
expired,212,1,2,2,1
expired,213,1,2,2,1
expired,214,1,2,2,1
expired,215,1,2,2,1
expired,216,1,2,2,1
expired,217,1,2,2,1
expired,218,1,2,2,1
expired,219,1,2,2,1
expired,220,1,2,2,1
expired,221,1,2,2,1
expired,222,1,2,2,1
expired,223,1,2,2,1
expired,224,1,2,2,1
expired,225,1,2,2,1
expired,226,1,2,2,1
expired,227,1,2,2,1
expired,228,1,2,2,1
expired,229,1,2,2,1
expired,230,1,2,2,1
expired,231,1,2,2,1
expired,232,1,2,2,1
expired,233,1,2,2,1
expired,234,1,2,2,1
expired,235,1,2,2,1
expired,236,1,2,2,1
expired,237,1,2,2,1
expired,238,1,2,2,1
expired,239,1,2,2,1
expired,240,1,2,2,1
expired,241,1,2,2,1
expired,242,1,2,2,1
expired,243,1,2,2,1
expired,244,1,2,2,1
expired,245,1,2,2,1
expired,246,1,2,2,1
expired,247,1,2,2,1
expired,248,1,2,2,1
expired,249,1,2,2,1
expired,250,1,2,2,1
expired,251,1,2,2,1
expired,252,1,2,2,1
expired,253,1,2,2,1
expired,254,1,2,2,1
expired,255,1,2,2,1
expired,256,1,2,2,1
expired,257,1,2,2,1
expired,258,1,2,2,1
expired,259,1,2,2,1
expired,260,1,2,2,1
expired,261,1,2,2,1
expired,262,1,2,2,1
expired,263,1,2,2,1
expired,264,1,2,2,1
expired,265,1,2,2,1
expired,266,1,2,2,1
expired,267,1,2,2,1
expired,268,1,2,2,1
expired,269,1,2,2,1
expired,270,1,2,2,1
expired,271,1,2,2,1
expired,272,1,2,2,1
expired,273,1,2,2,1
expired,274,1,2,2,1
expired,275,1,2,2,1
expired,276,1,2,2,1
expired,277,1,2,2,1
expired,278,1,2,2,1
expired,279,1,2,2,1
expired,280,1,2,2,1
expired,281,1,2,2,1
expired,282,1,2,2,1
expired,283,1,2,2,1
expired,284,1,2,2,1
expired,285,1,2,2,1
expired,286,1,2,2,1
expired,287,1,2,2,1
expired,288,1,2,2,1
expired,289,1,2,2,1
expired,290,1,2,2,1
expired,291,1,2,2,1
expired,292,1,2,2,1
expired,293,1,2,2,1
expired,294,1,2,2,1
expired,295,1,2,2,1
expired,296,1,2,2,1
expired,297,1,2,2,1
expired,298,1,2,2,1
expired,299,1,2,2,1
expired,300,1,2,2,1
expired,301,1,2,2,1
expired,302,1,2,2,1
expired,303,1,2,2,1
expired,304,1,2,2,1
expired,305,1,2,2,1
expired,306,1,2,2,1
expired,307,1,2,2,1
expired,308,1,2,2,1
expired,309,1,2,2,1
expired,310,1,2,2,1
expired,311,1,2,2,1
expired,312,1,2,2,1
expired,313,1,2,2,1
expired,314,1,2,2,1
expired,315,1,2,2,1
expired,316,1,2,2,1
expired,317,1,2,2,1
expired,318,1,2,2,1
expired,319,1,2,2,1
expired,320,1,2,2,1
expired,321,1,2,2,1
expired,322,1,2,2,1
expired,323,1,2,2,1
expired,324,1,2,2,1
expired,325,1,2,2,1
expired,326,1,2,2,1
expired,327,1,2,2,1
expired,328,1,2,2,1
expired,329,1,2,2,1
expired,330,1,2,2,1
expired,331,1,2,2,1
expired,332,1,2,2,1
expired,333,1,2,2,1
expired,334,1,2,2,1
expired,335,1,2,2,1
expired,336,1,2,2,1
expired,337,1,2,2,1
expired,338,1,2,2,1
expired,339,1,2,2,1
expired,340,1,2,2,1
expired,341,1,2,2,1
expired,342,1,2,2,1
expired,343,1,2,2,1
expired,344,1,2,2,1
expired,345,1,2,2,1
expired,346,1,2,2,1
expired,347,1,2,2,1
expired,348,1,2,2,1
expired,349,1,2,2,1
expired,350,1,2,2,1
expired,351,1,2,2,1
expired,352,1,2,2,1
expired,353,1,2,2,1
expired,354,1,2,2,1
expired,355,1,2,2,1
expired,356,1,2,2,1
expired,357,1,2,2,1
expired,358,1,2,2,1
expired,359,1,2,2,1
expired,360,1,2,2,1
expired,361,1,2,2,1
expired,362,1,2,2,1
expired,363,1,2,2,1
expired,364,1,2,2,1
expired,365,1,2,2,1
expired,366,1,2,2,1
expired,367,1,2,2,1
expired,368,1,2,2,1
expired,369,1,2,2,1
expired,370,1,2,2,1
expired,371,1,2,2,1
expired,372,1,2,2,1
expired,373,1,2,2,1
expired,374,1,2,2,1
expired,375,1,2,2,1
expired,376,1,2,2,1
expired,377,1,2,2,1
expired,378,1,2,2,1
expired,379,1,2,2,1
expired,380,1,2,2,1
expired,381,1,2,2,1
expired,382,1,2,2,1
expired,383,1,2,2,1
expired,384,1,2,2,1
expired,385,1,2,2,1
expired,386,1,2,2,1
expired,387,1,2,2,1
expired,388,1,2,2,1
expired,389,1,2,2,1
expired,390,1,2,2,1
expired,391,1,2,2,1
expired,392,1,2,2,1
expired,393,1,2,2,1
expired,394,1,2,2,1
expired,395,1,2,2,1
expired,396,1,2,2,1
expired,397,1,2,2,1
expired,398,1,2,2,1
expired,399,1,2,2,1
expired,400,1,2,2,1
expired,401,1,2,2,1
expired,402,1,2,2,1
expired,403,1,2,2,1
expired,404,1,2,2,1
expired,405,1,2,2,1
expired,406,1,2,2,1
expired,407,1,2,2,1
expired,408,1,2,2,1
expired,409,1,2,2,1
expired,410,1,2,2,1
expired,411,1,2,2,1
expired,412,1,2,2,1
expired,413,1,2,2,1
expired,414,1,2,2,1
expired,415,1,2,2,1
expired,416,1,2,2,1
expired,417,1,2,2,1
expired,418,1,2,2,1
expired,419,1,2,2,1
expired,420,1,2,2,1
expired,421,1,2,2,1
expired,422,1,2,2,1
expired,423,1,2,2,1
expired,424,1,2,2,1
expired,425,1,2,2,1
expired,426,1,2,2,1
expired,427,1,2,2,1
expired,428,1,2,2,1
expired,429,1,2,2,1
expired,430,1,2,2,1
expired,431,1,2,2,1
expired,432,1,2,2,1
expired,433,1,2,2,1
expired,434,1,2,2,1
expired,435,1,2,2,1
expired,436,1,2,2,1
expired,437,1,2,2,1
expired,438,1,2,2,1
expired,439,1,2,2,1
expired,440,1,2,2,1
expired,441,1,2,2,1
expired,442,1,2,2,1
expired,443,1,2,2,1
expired,444,1,2,2,1
expired,445,1,2,2,1
expired,446,1,2,2,1
expired,447,1,2,2,1
expired,448,1,2,2,1
expired,449,1,2,2,1
expired,450,1,2,2,1
expired,451,1,2,2,1
expired,452,1,2,2,1
expired,453,1,2,2,1
expired,454,1,2,2,1
expired,455,1,2,2,1
expired,456,1,2,2,1
expired,457,1,2,2,1
expired,458,1,2,2,1
expired,459,1,2,2,1
expired,460,1,2,2,1
expired,461,1,2,2,1
expired,462,1,2,2,1
expired,463,1,2,2,1
expired,464,1,2,2,1
expired,465,1,2,2,1
expired,466,1,2,2,1
expired,467,1,2,2,1
expired,468,1,2,2,1
expired,469,1,2,2,1
expired,470,1,2,2,1
expired,471,1,2,2,1
expired,472,1,2,2,1
expired,473,1,2,2,1
expired,474,1,2,2,1
expired,475,1,2,2,1
expired,476,1,2,2,1
expired,477,1,2,2,1
expired,478,1,2,2,1
expired,479,1,2,2,1
expired,480,1,2,2,1
expired,481,1,2,2,1
expired,482,1,2,2,1
expired,483,1,2,2,1
expired,484,1,2,2,1
expired,485,1,2,2,1
expired,486,1,2,2,1
expired,487,1,2,2,1
expired,488,1,2,2,1
expired,489,1,2,2,1
expired,490,1,2,2,1
expired,491,1,2,2,1
expired,492,1,2,2,1
expired,493,1,2,2,1
expired,494,1,2,2,1
expired,495,1,2,2,1
expired,496,1,2,2,1
expired,497,1,2,2,1
expired,498,1,2,2,1
expired,499,1,2,2,1
expired,500,1,2,2,1
expired,501,1,2,2,1
expired,502,1,2,2,1
expired,503,1,2,2,1
expired,504,1,2,2,1
expired,505,1,2,2,1
expired,506,1,2,2,1
expired,507,1,2,2,1
expired,508,1,2,2,1
expired,509,1,2,2,1
expired,510,1,2,2,1
expired,511,1,2,2,1
expired,512,1,2,2,1
expired,513,1,2,2,1
expired,514,1,2,2,1
expired,515,1,2,2,1
expired,516,1,2,2,1
expired,517,1,2,2,1
expired,518,1,2,2,1
expired,519,1,2,2,1
expired,520,1,2,2,1
expired,521,1,2,2,1
expired,522,1,2,2,1
expired,523,1,2,2,1
expired,524,1,2,2,1
expired,525,1,2,2,1
expired,526,1,2,2,1
expired,527,1,2,2,1
expired,528,1,2,2,1
expired,529,1,2,2,1
expired,530,1,2,2,1
expired,531,1,2,2,1
expired,532,1,2,2,1
expired,533,1,2,2,1
expired,534,1,2,2,1
expired,535,1,2,2,1
expired,536,1,2,2,1
expired,537,1,2,2,1
expired,538,1,2,2,1
expired,539,1,2,2,1
expired,540,1,2,2,1
expired,541,1,2,2,1
expired,542,1,2,2,1
expired,543,1,2,2,1
expired,544,1,2,2,1
expired,545,1,2,2,1
expired,546,1,2,2,1
expired,547,1,2,2,1
expired,548,1,2,2,1
expired,549,1,2,2,1
expired,550,1,2,2,1
expired,551,1,2,2,1
expired,552,1,2,2,1
expired,553,1,2,2,1
expired,554,1,2,2,1
expired,555,1,2,2,1
expired,556,1,2,2,1
expired,557,1,2,2,1
expired,558,1,2,2,1
expired,559,1,2,2,1
expired,560,1,2,2,1
expired,561,1,2,2,1
expired,562,1,2,2,1
expired,563,1,2,2,1
expired,564,1,2,2,1
expired,565,1,2,2,1
expired,566,1,2,2,1
expired,567,1,2,2,1
expired,568,1,2,2,1
expired,569,1,2,2,1
expired,570,1,2,2,1
expired,571,1,2,2,1
expired,572,1,2,2,1
expired,573,1,2,2,1
expired,574,1,2,2,1
expired,575,1,2,2,1
expired,576,1,2,2,1
expired,577,1,2,2,1
expired,578,1,2,2,1
expired,579,1,2,2,1
expired,580,1,2,2,1
expired,581,1,2,2,1
expired,582,1,2,2,1
expired,583,1,2,2,1
expired,584,1,2,2,1
expired,585,1,2,2,1
expired,586,1,2,2,1
expired,587,1,2,2,1
expired,588,1,2,2,1
expired,589,1,2,2,1
expired,590,1,2,2,1
expired,591,1,2,2,1
expired,592,1,2,2,1
expired,593,1,2,2,1
expired,594,1,2,2,1
expired,595,1,2,2,1
expired,596,1,2,2,1
expired,597,1,2,2,1
expired,598,1,2,2,1
expired,599,1,2,2,1
expired,600,1,2,2,1
expired,601,1,2,2,1
expired,602,1,2,2,1
expired,603,1,2,2,1
expired,604,1,2,2,1
expired,605,1,2,2,1
expired,606,1,2,2,1
expired,607,1,2,2,1
expired,608,1,2,2,1
expired,609,1,2,2,1
expired,610,1,2,2,1
expired,611,1,2,2,1
expired,612,1,2,2,1
expired,613,1,2,2,1
expired,614,1,2,2,1
expired,615,1,2,2,1
expired,616,1,2,2,1
expired,617,1,2,2,1
expired,618,1,2,2,1
expired,619,1,2,2,1
expired,620,1,2,2,1
expired,621,1,2,2,1
expired,622,1,2,2,1
expired,623,1,2,2,1
expired,624,1,2,2,1
expired,625,1,2,2,1
expired,626,1,2,2,1
expired,627,1,2,2,1
expired,628,1,2,2,1
expired,629,1,2,2,1
expired,630,1,2,2,1
expired,631,1,2,2,1
expired,632,1,2,2,1
expired,633,1,2,2,1
expired,634,1,2,2,1
expired,635,1,2,2,1
expired,636,1,2,2,1
expired,637,1,2,2,1
expired,638,1,2,2,1
expired,639,1,2,2,1
expired,640,1,2,2,1
expired,641,1,2,2,1
expired,642,1,2,2,1
expired,643,1,2,2,1
expired,644,1,2,2,1
expired,645,1,2,2,1
expired,646,1,2,2,1
expired,647,1,2,2,1
expired,648,1,2,2,1
expired,649,1,2,2,1
expired,650,1,2,2,1
expired,651,1,2,2,1
expired,652,1,2,2,1
expired,653,1,2,2,1
expired,654,1,2,2,1
expired,655,1,2,2,1
expired,656,1,2,2,1
expired,657,1,2,2,1
expired,658,1,2,2,1
expired,659,1,2,2,1
expired,660,1,2,2,1
expired,661,1,2,2,1
expired,662,1,2,2,1
expired,663,1,2,2,1
expired,664,1,2,2,1
expired,665,1,2,2,1
expired,666,1,2,2,1
expired,667,1,2,2,1
expired,668,1,2,2,1
expired,669,1,2,2,1
expired,670,1,2,2,1
expired,671,1,2,2,1
expired,672,1,2,2,1
expired,673,1,2,2,1
expired,674,1,2,2,1
expired,675,1,2,2,1
expired,676,1,2,2,1
expired,677,1,2,2,1
expired,678,1,2,2,1
expired,679,1,2,2,1
expired,680,1,2,2,1
expired,681,1,2,2,1
expired,682,1,2,2,1
expired,683,1,2,2,1
expired,684,1,2,2,1
expired,685,1,2,2,1
expired,686,1,2,2,1
expired,687,1,2,2,1
expired,688,1,2,2,1
expired,689,1,2,2,1
expired,690,1,2,2,1
expired,691,1,2,2,1
expired,692,1,2,2,1
expired,693,1,2,2,1
expired,694,1,2,2,1
expired,695,1,2,2,1
expired,696,1,2,2,1
expired,697,1,2,2,1
expired,698,1,2,2,1
expired,699,1,2,2,1
expired,700,1,2,2,1
expired,701,1,2,2,1
expired,702,1,2,2,1
expired,703,1,2,2,1
expired,704,1,2,2,1
expired,705,1,2,2,1
expired,706,1,2,2,1
expired,707,1,2,2,1
expired,708,1,2,2,1
expired,709,1,2,2,1
expired,710,1,2,2,1
expired,711,1,2,2,1
expired,712,1,2,2,1
expired,713,1,2,2,1
expired,714,1,2,2,1
expired,715,1,2,2,1
expired,716,1,2,2,1
expired,717,1,2,2,1
expired,718,1,2,2,1
expired,719,1,2,2,1
expired,720,1,2,2,1
expired,721,1,2,2,1
expired,722,1,2,2,1
expired,723,1,2,2,1
expired,724,1,2,2,1
expired,725,1,2,2,1
expired,726,1,2,2,1
expired,727,1,2,2,1
expired,728,1,2,2,1
expired,729,1,2,2,1
expired,730,1,2,2,1
expired,731,1,2,2,1
expired,732,1,2,2,1
expired,733,1,2,2,1
expired,734,1,2,2,1
expired,735,1,2,2,1
expired,736,1,2,2,1
expired,737,1,2,2,1
expired,738,1,2,2,1
expired,739,1,2,2,1
expired,740,1,2,2,1
expired,741,1,2,2,1
expired,742,1,2,2,1
expired,743,1,2,2,1
expired,744,1,2,2,1
expired,745,1,2,2,1
expired,746,1,2,2,1
expired,747,1,2,2,1
expired,748,1,2,2,1
expired,749,1,2,2,1
expired,750,1,2,2,1
expired,751,1,2,2,1
expired,752,1,2,2,1
expired,753,1,2,2,1
expired,754,1,2,2,1
expired,755,1,2,2,1
expired,756,1,2,2,1
expired,757,1,2,2,1
expired,758,1,2,2,1
expired,759,1,2,2,1
expired,760,1,2,2,1
expired,761,1,2,2,1
expired,762,1,2,2,1
expired,763,1,2,2,1
expired,764,1,2,2,1
expired,765,1,2,2,1
expired,766,1,2,2,1
expired,767,1,2,2,1
expired,768,1,2,2,1
expired,769,1,2,2,1
expired,770,1,2,2,1
expired,771,1,2,2,1
expired,772,1,2,2,1
expired,773,1,2,2,1
expired,774,1,2,2,1
expired,775,1,2,2,1
expired,776,1,2,2,1
expired,777,1,2,2,1
expired,778,1,2,2,1
expired,779,1,2,2,1
expired,780,1,2,2,1
expired,781,1,2,2,1
expired,782,1,2,2,1
expired,783,1,2,2,1
expired,784,1,2,2,1
expired,785,1,2,2,1
expired,786,1,2,2,1
expired,787,1,2,2,1
expired,788,1,2,2,1
expired,789,1,2,2,1
expired,790,1,2,2,1
expired,791,1,2,2,1
expired,792,1,2,2,1
expired,793,1,2,2,1
expired,794,1,2,2,1
expired,795,1,2,2,1
expired,796,1,2,2,1
expired,797,1,2,2,1
expired,798,1,2,2,1
expired,799,1,2,2,1
expired,800,1,2,2,1
expired,801,1,2,2,1
expired,802,1,2,2,1
expired,803,1,2,2,1
expired,804,1,2,2,1
expired,805,1,2,2,1
expired,806,1,2,2,1
expired,807,1,2,2,1
expired,808,1,2,2,1
expired,809,1,2,2,1
expired,810,1,2,2,1
expired,811,1,2,2,1
expired,812,1,2,2,1
expired,813,1,2,2,1
expired,814,1,2,2,1
expired,815,1,2,2,1
expired,816,1,2,2,1
expired,817,1,2,2,1
expired,818,1,2,2,1
expired,819,1,2,2,1
expired,820,1,2,2,1
expired,821,1,2,2,1
expired,822,1,2,2,1
expired,823,1,2,2,1
expired,824,1,2,2,1
expired,825,1,2,2,1
expired,826,1,2,2,1
expired,827,1,2,2,1
expired,828,1,2,2,1
expired,829,1,2,2,1
expired,830,1,2,2,1
expired,831,1,2,2,1
expired,832,1,2,2,1
expired,833,1,2,2,1
expired,834,1,2,2,1
expired,835,1,2,2,1
expired,836,1,2,2,1
expired,837,1,2,2,1
expired,838,1,2,2,1
expired,839,1,2,2,1
expired,840,1,2,2,1
expired,841,1,2,2,1
expired,842,1,2,2,1
expired,843,1,2,2,1
expired,844,1,2,2,1
expired,845,1,2,2,1
expired,846,1,2,2,1
expired,847,1,2,2,1
expired,848,1,2,2,1
expired,849,1,2,2,1
expired,850,1,2,2,1
expired,851,1,2,2,1
expired,852,1,2,2,1
expired,853,1,2,2,1
expired,854,1,2,2,1
expired,855,1,2,2,1
expired,856,1,2,2,1
expired,857,1,2,2,1
expired,858,1,2,2,1
expired,859,1,2,2,1
expired,860,1,2,2,1
expired,861,1,2,2,1
expired,862,1,2,2,1
expired,863,1,2,2,1
expired,864,1,2,2,1
expired,865,1,2,2,1
expired,866,1,2,2,1
expired,867,1,2,2,1
expired,868,1,2,2,1
expired,869,1,2,2,1
expired,870,1,2,2,1
expired,871,1,2,2,1
expired,872,1,2,2,1
expired,873,1,2,2,1
expired,874,1,2,2,1
expired,875,1,2,2,1
expired,876,1,2,2,1
expired,877,1,2,2,1
expired,878,1,2,2,1
expired,879,1,2,2,1
expired,880,1,2,2,1
expired,881,1,2,2,1
expired,882,1,2,2,1
expired,883,1,2,2,1
expired,884,1,2,2,1
expired,885,1,2,2,1
expired,886,1,2,2,1
expired,887,1,2,2,1
expired,888,1,2,2,1
expired,889,1,2,2,1
expired,890,1,2,2,1
expired,891,1,2,2,1
expired,892,1,2,2,1
expired,893,1,2,2,1
expired,894,1,2,2,1
expired,895,1,2,2,1
expired,896,1,2,2,1
expired,897,1,2,2,1
expired,898,1,2,2,1
expired,899,1,2,2,1
expired,900,1,2,2,1
expired,901,1,2,2,1
expired,902,1,2,2,1
expired,903,1,2,2,1
expired,904,1,2,2,1
expired,905,1,2,2,1
expired,906,1,2,2,1
expired,907,1,2,2,1
expired,908,1,2,2,1
expired,909,1,2,2,1
expired,910,1,2,2,1
expired,911,1,2,2,1
expired,912,1,2,2,1
expired,913,1,2,2,1
expired,914,1,2,2,1
expired,915,1,2,2,1
expired,916,1,2,2,1
expired,917,1,2,2,1
expired,918,1,2,2,1
expired,919,1,2,2,1
expired,920,1,2,2,1
expired,921,1,2,2,1
expired,922,1,2,2,1
expired,923,1,2,2,1
expired,924,1,2,2,1
expired,925,1,2,2,1
expired,926,1,2,2,1
expired,927,1,2,2,1
expired,928,1,2,2,1
expired,929,1,2,2,1
expired,930,1,2,2,1
expired,931,1,2,2,1
expired,932,1,2,2,1
expired,933,1,2,2,1
expired,934,1,2,2,1
expired,935,1,2,2,1
expired,936,1,2,2,1
expired,937,1,2,2,1
expired,938,1,2,2,1
expired,939,1,2,2,1
expired,940,1,2,2,1
expired,941,1,2,2,1
expired,942,1,2,2,1
expired,943,1,2,2,1
expired,944,1,2,2,1
expired,945,1,2,2,1
expired,946,1,2,2,1
expired,947,1,2,2,1
expired,948,1,2,2,1
expired,949,1,2,2,1
expired,950,1,2,2,1
expired,951,1,2,2,1
expired,952,1,2,2,1
expired,953,1,2,2,1
expired,954,1,2,2,1
expired,955,1,2,2,1
expired,956,1,2,2,1
expired,957,1,2,2,1
expired,958,1,2,2,1
expired,959,1,2,2,1
expired,960,1,2,2,1
expired,961,1,2,2,1
expired,962,1,2,2,1
expired,963,1,2,2,1
expired,964,1,2,2,1
expired,965,1,2,2,1
expired,966,1,2,2,1
expired,967,1,2,2,1
expired,968,1,2,2,1
expired,969,1,2,2,1
expired,970,1,2,2,1
expired,971,1,2,2,1
expired,972,1,2,2,1
expired,973,1,2,2,1
expired,974,1,2,2,1
expired,975,1,2,2,1
expired,976,1,2,2,1
expired,977,1,2,2,1
expired,978,1,2,2,1
expired,979,1,2,2,1
expired,980,1,2,2,1
expired,981,1,2,2,1
expired,982,1,2,2,1
expired,983,1,2,2,1
expired,984,1,2,2,1
expired,985,1,2,2,1
expired,986,1,2,2,1
expired,987,1,2,2,1
expired,988,1,2,2,1
expired,989,1,2,2,1
expired,990,1,2,2,1
expired,991,1,2,2,1
expired,992,1,2,2,1
expired,993,1,2,2,1
expired,994,1,2,2,1
expired,995,1,2,2,1
expired,996,1,2,2,1
expired,997,1,2,2,1
expired,998,1,2,2,1
expired,999,1,2,2,1
