condition,trial,seed,former_attempts,former_accepted,former_rejected,late_accept,epoch_regression
C2f,0,2026,20,0,20,0,0
C2f,1,2037,20,0,20,0,0
C2f,2,2048,20,0,20,0,0
C2f,3,2059,20,0,20,0,0
C2f,4,2070,20,0,20,0,0
C2f,5,2081,20,0,20,0,0
C2f,6,2092,20,0,20,0,0
C2f,7,2103,20,0,20,0,0
C2f,8,2114,20,0,20,0,0
C2f,9,2125,20,0,20,0,0
C2f,10,2136,20,0,20,0,0
C2f,11,2147,20,0,20,0,0
C2f,12,2158,20,0,20,0,0
C2f,13,2169,20,0,20,0,0
C2f,14,2180,20,0,20,0,0
C2f,15,2191,20,0,20,0,0
C2f,16,2202,20,0,20,0,0
C2f,17,2213,20,0,20,0,0
C2f,18,2224,20,0,20,0,0
C2f,19,2235,20,0,20,0,0
C2f,20,2246,20,0,20,0,0
C2f,21,2257,20,0,20,0,0
C2f,22,2268,20,0,20,0,0
C2f,23,2279,20,0,20,0,0
C2f,24,2290,20,0,20,0,0
C2f,25,2301,20,0,20,0,0
C2f,26,2312,20,0,20,0,0
C2f,27,2323,20,0,20,0,0
C2f,28,2334,20,0,20,0,0
C2f,29,2345,20,0,20,0,0
C3,0,2026,20,0,20,0,0
C3,1,2037,20,0,20,0,0
C3,2,2048,20,0,20,0,0
C3,3,2059,20,0,20,0,0
C3,4,2070,20,0,20,0,0
C3,5,2081,20,0,20,0,0
C3,6,2092,20,0,20,0,0
C3,7,2103,20,0,20,0,0
C3,8,2114,20,0,20,0,0
C3,9,2125,20,0,20,0,0
C3,10,2136,20,0,20,0,0
C3,11,2147,20,0,20,0,0
C3,12,2158,20,0,20,0,0
C3,13,2169,20,0,20,0,0
C3,14,2180,20,0,20,0,0
C3,15,2191,20,0,20,0,0
C3,16,2202,20,0,20,0,0
C3,17,2213,20,0,20,0,0
C3,18,2224,20,0,20,0,0
C3,19,2235,20,0,20,0,0
C3,20,2246,20,0,20,0,0
C3,21,2257,20,0,20,0,0
C3,22,2268,20,0,20,0,0
C3,23,2279,20,0,20,0,0
C3,24,2290,20,0,20,0,0
C3,25,2301,20,0,20,0,0
C3,26,2312,20,0,20,0,0
C3,27,2323,20,0,20,0,0
C3,28,2334,20,0,20,0,0
C3,29,2345,20,0,20,0,0
C4,0,2026,20,0,20,0,0
C4,1,2037,20,0,20,0,0
C4,2,2048,20,0,20,0,0
C4,3,2059,20,0,20,0,0
C4,4,2070,20,0,20,0,0
C4,5,2081,20,0,20,0,0
C4,6,2092,20,0,20,0,0
C4,7,2103,20,0,20,0,0
C4,8,2114,20,0,20,0,0
C4,9,2125,20,0,20,0,0
C4,10,2136,20,0,20,0,0
C4,11,2147,20,0,20,0,0
C4,12,2158,20,0,20,0,0
C4,13,2169,20,0,20,0,0
C4,14,2180,20,0,20,0,0
C4,15,2191,20,0,20,0,0
C4,16,2202,20,0,20,0,0
C4,17,2213,20,0,20,0,0
C4,18,2224,20,0,20,0,0
C4,19,2235,20,0,20,0,0
C4,20,2246,20,0,20,0,0
C4,21,2257,20,0,20,0,0
C4,22,2268,20,0,20,0,0
C4,23,2279,20,0,20,0,0
C4,24,2290,20,0,20,0,0
C4,25,2301,20,0,20,0,0
C4,26,2312,20,0,20,0,0
C4,27,2323,20,0,20,0,0
C4,28,2334,20,0,20,0,0
C4,29,2345,20,0,20,0,0
C3r,0,2026,20,0,20,0,0
C3r,1,2037,20,0,20,0,0
C3r,2,2048,20,1,19,1,0
C3r,3,2059,20,1,19,1,0
C3r,4,2070,20,0,20,0,0
C3r,5,2081,20,1,19,1,0
C3r,6,2092,20,0,20,0,0
C3r,7,2103,20,0,20,0,0
C3r,8,2114,20,0,20,0,0
C3r,9,2125,20,0,20,0,0
C3r,10,2136,20,1,19,1,0
C3r,11,2147,20,1,19,1,0
C3r,12,2158,20,0,20,0,0
C3r,13,2169,20,1,19,1,0
C3r,14,2180,20,0,20,0,0
C3r,15,2191,20,1,19,1,0
C3r,16,2202,20,1,19,1,0
C3r,17,2213,20,1,19,1,0
C3r,18,2224,20,0,20,0,0
C3r,19,2235,20,1,19,1,0
C3r,20,2246,20,1,19,1,0
C3r,21,2257,20,1,19,1,0
C3r,22,2268,20,1,19,1,0
C3r,23,2279,20,1,19,1,0
C3r,24,2290,20,1,19,1,0
C3r,25,2301,20,0,20,0,0
C3r,26,2312,20,1,19,1,0
C3r,27,2323,20,1,19,1,0
C3r,28,2334,20,1,19,1,0
C3r,29,2345,20,1,19,1,0
