series,condition,delay_s,metric,scheduled_runs,items,events,at_risk_attempts
ordered_pause,C1,,version_regression,30,3000,2071,3000
ordered_pause,C1u,,version_regression,30,3000,2071,3000
ordered_pause,C1v,,version_regression,30,3000,0,3000
ordered_pause,C2,,version_regression,30,3000,2071,3000
ordered_pause,C2,,epoch_regression,30,3000,2991,3000
ordered_pause,C2f,,version_regression,30,3000,0,3000
ordered_pause,C2f,,epoch_regression,30,3000,0,3000
ordered_pause,C3,,version_regression,30,3000,0,3000
ordered_pause,C3,,epoch_regression,30,3000,0,3000
ordered_pause,C3,,late_accept,30,3000,0,3000
ordered_pause,C3r,,version_regression,30,3000,0,3000
ordered_pause,C3r,,epoch_regression,30,3000,0,3000
ordered_pause,C3r,,late_accept,30,3000,9,3000
ordered_pause,C4,,version_regression,30,3000,0,3000
ordered_pause,C4,,epoch_regression,30,3000,0,3000
duplicate_pause,C1,,accepted_duplicates,1,100,100,100
duplicate_pause,C1u,,accepted_duplicates,1,100,0,100
duplicate_pause,C2,,accepted_duplicates,1,100,100,100
duplicate_pause,C2f,,accepted_duplicates,1,100,0,100
duplicate_pause,C3,,accepted_duplicates,1,100,0,100
duplicate_pause,C3r,,accepted_duplicates,1,100,0,100
duplicate_pause,C4,,accepted_duplicates,1,100,0,100
lost_ack,C2f,,lost_ack,30,3000,165,0
lost_ack,C2f,,duplicate_accepted,30,3000,165,0
lost_ack,C2f,,unresolved_ambiguous,30,3000,0,0
lost_ack,C2f,,replay_stable,30,3000,0,0
lost_ack,C2f,,replay_mismatch,30,3000,0,0
lost_ack,C3,,lost_ack,30,3000,165,0
lost_ack,C3,,duplicate_accepted,30,3000,0,0
lost_ack,C3,,unresolved_ambiguous,30,3000,165,0
lost_ack,C3,,replay_stable,30,3000,0,0
lost_ack,C3,,replay_mismatch,30,3000,0,0
lost_ack,C4,,lost_ack,30,3000,165,0
lost_ack,C4,,duplicate_accepted,30,3000,0,0
lost_ack,C4,,unresolved_ambiguous,30,3000,0,0
lost_ack,C4,,replay_stable,30,3000,165,0
lost_ack,C4,,replay_mismatch,30,3000,0,0
after_grant,C3,0,late_accept,1,100,0,100
after_grant,C3,1,late_accept,1,100,0,100
after_grant,C3,5,late_accept,1,100,0,100
after_grant,C3r,0,late_accept,1,100,100,100
after_grant,C3r,1,late_accept,1,100,100,100
after_grant,C3r,5,late_accept,1,100,0,100
