series,condition,trial,seed,delay_s,items,at_risk_attempts,accepted,rejected_fence,rejected_remote_epoch,rejected_version,rejected_duplicate,replayed,accepted_duplicates,version_regression,epoch_regression,late_accept,lost_ack,duplicate_accepted,unresolved_ambiguous,replay_stable,replay_mismatch
ordered_pause,C1,0,2026,,100,100,100,,,,,,,71,0,0,,,,,
ordered_pause,C1,1,2027,,100,100,100,,,,,,,77,0,0,,,,,
ordered_pause,C1,2,2028,,100,100,100,,,,,,,57,0,0,,,,,
ordered_pause,C1,3,2029,,100,100,100,,,,,,,74,0,0,,,,,
ordered_pause,C1,4,2030,,100,100,100,,,,,,,79,0,0,,,,,
ordered_pause,C1,5,2031,,100,100,100,,,,,,,66,0,0,,,,,
ordered_pause,C1,6,2032,,100,100,100,,,,,,,69,0,0,,,,,
ordered_pause,C1,7,2033,,100,100,100,,,,,,,67,0,0,,,,,
ordered_pause,C1,8,2034,,100,100,100,,,,,,,72,0,0,,,,,
ordered_pause,C1,9,2035,,100,100,100,,,,,,,60,0,0,,,,,
ordered_pause,C1,10,2036,,100,100,100,,,,,,,77,0,0,,,,,
ordered_pause,C1,11,2037,,100,100,100,,,,,,,72,0,0,,,,,
ordered_pause,C1,12,2038,,100,100,100,,,,,,,63,0,0,,,,,
ordered_pause,C1,13,2039,,100,100,100,,,,,,,62,0,0,,,,,
ordered_pause,C1,14,2040,,100,100,100,,,,,,,71,0,0,,,,,
ordered_pause,C1,15,2041,,100,100,100,,,,,,,73,0,0,,,,,
ordered_pause,C1,16,2042,,100,100,100,,,,,,,65,0,0,,,,,
ordered_pause,C1,17,2043,,100,100,100,,,,,,,74,0,0,,,,,
ordered_pause,C1,18,2044,,100,100,100,,,,,,,68,0,0,,,,,
ordered_pause,C1,19,2045,,100,100,100,,,,,,,67,0,0,,,,,
ordered_pause,C1,20,2046,,100,100,100,,,,,,,71,0,0,,,,,
ordered_pause,C1,21,2047,,100,100,100,,,,,,,60,0,0,,,,,
ordered_pause,C1,22,2048,,100,100,100,,,,,,,72,0,0,,,,,
ordered_pause,C1,23,2049,,100,100,100,,,,,,,59,0,0,,,,,
ordered_pause,C1,24,2050,,100,100,100,,,,,,,68,0,0,,,,,
ordered_pause,C1,25,2051,,100,100,100,,,,,,,74,0,0,,,,,
ordered_pause,C1,26,2052,,100,100,100,,,,,,,78,0,0,,,,,
ordered_pause,C1,27,2053,,100,100,100,,,,,,,68,0,0,,,,,
ordered_pause,C1,28,2054,,100,100,100,,,,,,,69,0,0,,,,,
ordered_pause,C1,29,2055,,100,100,100,,,,,,,68,0,0,,,,,
duplicate_pause,C1,0,2026,,100,100,100,,,,,,100,,,,,,,,
ordered_pause,C1u,0,2026,,100,100,100,,,,,,,71,0,0,,,,,
ordered_pause,C1u,1,2027,,100,100,100,,,,,,,77,0,0,,,,,
ordered_pause,C1u,2,2028,,100,100,100,,,,,,,57,0,0,,,,,
ordered_pause,C1u,3,2029,,100,100,100,,,,,,,74,0,0,,,,,
ordered_pause,C1u,4,2030,,100,100,100,,,,,,,79,0,0,,,,,
ordered_pause,C1u,5,2031,,100,100,100,,,,,,,66,0,0,,,,,
ordered_pause,C1u,6,2032,,100,100,100,,,,,,,69,0,0,,,,,
ordered_pause,C1u,7,2033,,100,100,100,,,,,,,67,0,0,,,,,
ordered_pause,C1u,8,2034,,100,100,100,,,,,,,72,0,0,,,,,
ordered_pause,C1u,9,2035,,100,100,100,,,,,,,60,0,0,,,,,
ordered_pause,C1u,10,2036,,100,100,100,,,,,,,77,0,0,,,,,
ordered_pause,C1u,11,2037,,100,100,100,,,,,,,72,0,0,,,,,
ordered_pause,C1u,12,2038,,100,100,100,,,,,,,63,0,0,,,,,
ordered_pause,C1u,13,2039,,100,100,100,,,,,,,62,0,0,,,,,
ordered_pause,C1u,14,2040,,100,100,100,,,,,,,71,0,0,,,,,
ordered_pause,C1u,15,2041,,100,100,100,,,,,,,73,0,0,,,,,
ordered_pause,C1u,16,2042,,100,100,100,,,,,,,65,0,0,,,,,
ordered_pause,C1u,17,2043,,100,100,100,,,,,,,74,0,0,,,,,
ordered_pause,C1u,18,2044,,100,100,100,,,,,,,68,0,0,,,,,
ordered_pause,C1u,19,2045,,100,100,100,,,,,,,67,0,0,,,,,
ordered_pause,C1u,20,2046,,100,100,100,,,,,,,71,0,0,,,,,
ordered_pause,C1u,21,2047,,100,100,100,,,,,,,60,0,0,,,,,
ordered_pause,C1u,22,2048,,100,100,100,,,,,,,72,0,0,,,,,
ordered_pause,C1u,23,2049,,100,100,100,,,,,,,59,0,0,,,,,
ordered_pause,C1u,24,2050,,100,100,100,,,,,,,68,0,0,,,,,
ordered_pause,C1u,25,2051,,100,100,100,,,,,,,74,0,0,,,,,
ordered_pause,C1u,26,2052,,100,100,100,,,,,,,78,0,0,,,,,
ordered_pause,C1u,27,2053,,100,100,100,,,,,,,68,0,0,,,,,
ordered_pause,C1u,28,2054,,100,100,100,,,,,,,69,0,0,,,,,
ordered_pause,C1u,29,2055,,100,100,100,,,,,,,68,0,0,,,,,
duplicate_pause,C1u,0,2026,,100,100,,,,,100,,0,,,,,,,,
ordered_pause,C1v,0,2026,,100,100,29,,,71,,,,0,0,0,,,,,
ordered_pause,C1v,1,2027,,100,100,23,,,77,,,,0,0,0,,,,,
ordered_pause,C1v,2,2028,,100,100,43,,,57,,,,0,0,0,,,,,
ordered_pause,C1v,3,2029,,100,100,26,,,74,,,,0,0,0,,,,,
ordered_pause,C1v,4,2030,,100,100,21,,,79,,,,0,0,0,,,,,
ordered_pause,C1v,5,2031,,100,100,34,,,66,,,,0,0,0,,,,,
ordered_pause,C1v,6,2032,,100,100,31,,,69,,,,0,0,0,,,,,
ordered_pause,C1v,7,2033,,100,100,33,,,67,,,,0,0,0,,,,,
ordered_pause,C1v,8,2034,,100,100,28,,,72,,,,0,0,0,,,,,
ordered_pause,C1v,9,2035,,100,100,40,,,60,,,,0,0,0,,,,,
ordered_pause,C1v,10,2036,,100,100,23,,,77,,,,0,0,0,,,,,
ordered_pause,C1v,11,2037,,100,100,28,,,72,,,,0,0,0,,,,,
ordered_pause,C1v,12,2038,,100,100,37,,,63,,,,0,0,0,,,,,
ordered_pause,C1v,13,2039,,100,100,38,,,62,,,,0,0,0,,,,,
ordered_pause,C1v,14,2040,,100,100,29,,,71,,,,0,0,0,,,,,
ordered_pause,C1v,15,2041,,100,100,27,,,73,,,,0,0,0,,,,,
ordered_pause,C1v,16,2042,,100,100,35,,,65,,,,0,0,0,,,,,
ordered_pause,C1v,17,2043,,100,100,26,,,74,,,,0,0,0,,,,,
ordered_pause,C1v,18,2044,,100,100,32,,,68,,,,0,0,0,,,,,
ordered_pause,C1v,19,2045,,100,100,33,,,67,,,,0,0,0,,,,,
ordered_pause,C1v,20,2046,,100,100,29,,,71,,,,0,0,0,,,,,
ordered_pause,C1v,21,2047,,100,100,40,,,60,,,,0,0,0,,,,,
ordered_pause,C1v,22,2048,,100,100,28,,,72,,,,0,0,0,,,,,
ordered_pause,C1v,23,2049,,100,100,41,,,59,,,,0,0,0,,,,,
ordered_pause,C1v,24,2050,,100,100,32,,,68,,,,0,0,0,,,,,
ordered_pause,C1v,25,2051,,100,100,26,,,74,,,,0,0,0,,,,,
ordered_pause,C1v,26,2052,,100,100,22,,,78,,,,0,0,0,,,,,
ordered_pause,C1v,27,2053,,100,100,32,,,68,,,,0,0,0,,,,,
ordered_pause,C1v,28,2054,,100,100,31,,,69,,,,0,0,0,,,,,
ordered_pause,C1v,29,2055,,100,100,32,,,68,,,,0,0,0,,,,,
ordered_pause,C2,0,2026,,100,100,100,,,,,,,71,100,0,,,,,
ordered_pause,C2,1,2027,,100,100,100,,,,,,,77,100,0,,,,,
ordered_pause,C2,2,2028,,100,100,100,,,,,,,57,100,0,,,,,
ordered_pause,C2,3,2029,,100,100,100,,,,,,,74,99,0,,,,,
ordered_pause,C2,4,2030,,100,100,100,,,,,,,79,100,0,,,,,
ordered_pause,C2,5,2031,,100,100,100,,,,,,,66,100,0,,,,,
ordered_pause,C2,6,2032,,100,100,100,,,,,,,69,100,0,,,,,
ordered_pause,C2,7,2033,,100,100,100,,,,,,,67,100,0,,,,,
ordered_pause,C2,8,2034,,100,100,100,,,,,,,72,99,0,,,,,
ordered_pause,C2,9,2035,,100,100,100,,,,,,,60,100,0,,,,,
ordered_pause,C2,10,2036,,100,100,100,,,,,,,77,100,0,,,,,
ordered_pause,C2,11,2037,,100,100,100,,,,,,,72,100,0,,,,,
ordered_pause,C2,12,2038,,100,100,100,,,,,,,63,99,0,,,,,
ordered_pause,C2,13,2039,,100,100,100,,,,,,,62,99,0,,,,,
ordered_pause,C2,14,2040,,100,100,100,,,,,,,71,99,0,,,,,
ordered_pause,C2,15,2041,,100,100,100,,,,,,,73,99,0,,,,,
ordered_pause,C2,16,2042,,100,100,100,,,,,,,65,100,0,,,,,
ordered_pause,C2,17,2043,,100,100,100,,,,,,,74,100,0,,,,,
ordered_pause,C2,18,2044,,100,100,100,,,,,,,68,100,0,,,,,
ordered_pause,C2,19,2045,,100,100,100,,,,,,,67,100,0,,,,,
ordered_pause,C2,20,2046,,100,100,100,,,,,,,71,100,0,,,,,
ordered_pause,C2,21,2047,,100,100,100,,,,,,,60,100,0,,,,,
ordered_pause,C2,22,2048,,100,100,100,,,,,,,72,99,0,,,,,
ordered_pause,C2,23,2049,,100,100,100,,,,,,,59,100,0,,,,,
ordered_pause,C2,24,2050,,100,100,100,,,,,,,68,100,0,,,,,
ordered_pause,C2,25,2051,,100,100,100,,,,,,,74,100,0,,,,,
ordered_pause,C2,26,2052,,100,100,100,,,,,,,78,100,0,,,,,
ordered_pause,C2,27,2053,,100,100,100,,,,,,,68,100,0,,,,,
ordered_pause,C2,28,2054,,100,100,100,,,,,,,69,99,0,,,,,
ordered_pause,C2,29,2055,,100,100,100,,,,,,,68,99,0,,,,,
duplicate_pause,C2,0,2026,,100,100,100,,,,,,100,,,,,,,,
ordered_pause,C2f,0,2026,,100,100,,100,,,,,,0,0,0,,,,,
ordered_pause,C2f,1,2027,,100,100,,100,,,,,,0,0,0,,,,,
ordered_pause,C2f,2,2028,,100,100,,100,,,,,,0,0,0,,,,,
ordered_pause,C2f,3,2029,,100,100,,100,,,,,,0,0,0,,,,,
ordered_pause,C2f,4,2030,,100,100,,100,,,,,,0,0,0,,,,,
ordered_pause,C2f,5,2031,,100,100,,100,,,,,,0,0,0,,,,,
ordered_pause,C2f,6,2032,,100,100,,100,,,,,,0,0,0,,,,,
ordered_pause,C2f,7,2033,,100,100,,100,,,,,,0,0,0,,,,,
ordered_pause,C2f,8,2034,,100,100,,100,,,,,,0,0,0,,,,,
ordered_pause,C2f,9,2035,,100,100,,100,,,,,,0,0,0,,,,,
ordered_pause,C2f,10,2036,,100,100,,100,,,,,,0,0,0,,,,,
ordered_pause,C2f,11,2037,,100,100,,100,,,,,,0,0,0,,,,,
ordered_pause,C2f,12,2038,,100,100,,100,,,,,,0,0,0,,,,,
ordered_pause,C2f,13,2039,,100,100,,100,,,,,,0,0,0,,,,,
ordered_pause,C2f,14,2040,,100,100,,100,,,,,,0,0,0,,,,,
ordered_pause,C2f,15,2041,,100,100,,100,,,,,,0,0,0,,,,,
ordered_pause,C2f,16,2042,,100,100,,100,,,,,,0,0,0,,,,,
ordered_pause,C2f,17,2043,,100,100,,100,,,,,,0,0,0,,,,,
ordered_pause,C2f,18,2044,,100,100,,100,,,,,,0,0,0,,,,,
ordered_pause,C2f,19,2045,,100,100,,100,,,,,,0,0,0,,,,,
ordered_pause,C2f,20,2046,,100,100,,100,,,,,,0,0,0,,,,,
ordered_pause,C2f,21,2047,,100,100,,100,,,,,,0,0,0,,,,,
ordered_pause,C2f,22,2048,,100,100,,100,,,,,,0,0,0,,,,,
ordered_pause,C2f,23,2049,,100,100,,100,,,,,,0,0,0,,,,,
ordered_pause,C2f,24,2050,,100,100,,100,,,,,,0,0,0,,,,,
ordered_pause,C2f,25,2051,,100,100,,100,,,,,,0,0,0,,,,,
ordered_pause,C2f,26,2052,,100,100,,100,,,,,,0,0,0,,,,,
ordered_pause,C2f,27,2053,,100,100,,100,,,,,,0,0,0,,,,,
ordered_pause,C2f,28,2054,,100,100,,100,,,,,,0,0,0,,,,,
ordered_pause,C2f,29,2055,,100,100,,100,,,,,,0,0,0,,,,,
duplicate_pause,C2f,0,2026,,100,100,,100,,,,,0,,,,,,,,
ordered_pause,C3,0,2026,,100,100,,100,,,,,,0,0,0,,,,,
ordered_pause,C3,1,2027,,100,100,,100,,,,,,0,0,0,,,,,
ordered_pause,C3,2,2028,,100,100,,100,,,,,,0,0,0,,,,,
ordered_pause,C3,3,2029,,100,100,,100,,,,,,0,0,0,,,,,
ordered_pause,C3,4,2030,,100,100,,100,,,,,,0,0,0,,,,,
ordered_pause,C3,5,2031,,100,100,,100,,,,,,0,0,0,,,,,
ordered_pause,C3,6,2032,,100,100,,100,,,,,,0,0,0,,,,,
ordered_pause,C3,7,2033,,100,100,,100,,,,,,0,0,0,,,,,
ordered_pause,C3,8,2034,,100,100,,100,,,,,,0,0,0,,,,,
ordered_pause,C3,9,2035,,100,100,,100,,,,,,0,0,0,,,,,
ordered_pause,C3,10,2036,,100,100,,100,,,,,,0,0,0,,,,,
ordered_pause,C3,11,2037,,100,100,,100,,,,,,0,0,0,,,,,
ordered_pause,C3,12,2038,,100,100,,100,,,,,,0,0,0,,,,,
ordered_pause,C3,13,2039,,100,100,,100,,,,,,0,0,0,,,,,
ordered_pause,C3,14,2040,,100,100,,100,,,,,,0,0,0,,,,,
ordered_pause,C3,15,2041,,100,100,,100,,,,,,0,0,0,,,,,
ordered_pause,C3,16,2042,,100,100,,100,,,,,,0,0,0,,,,,
ordered_pause,C3,17,2043,,100,100,,100,,,,,,0,0,0,,,,,
ordered_pause,C3,18,2044,,100,100,,100,,,,,,0,0,0,,,,,
ordered_pause,C3,19,2045,,100,100,,100,,,,,,0,0,0,,,,,
ordered_pause,C3,20,2046,,100,100,,100,,,,,,0,0,0,,,,,
ordered_pause,C3,21,2047,,100,100,,100,,,,,,0,0,0,,,,,
ordered_pause,C3,22,2048,,100,100,,100,,,,,,0,0,0,,,,,
ordered_pause,C3,23,2049,,100,100,,100,,,,,,0,0,0,,,,,
ordered_pause,C3,24,2050,,100,100,,100,,,,,,0,0,0,,,,,
ordered_pause,C3,25,2051,,100,100,,100,,,,,,0,0,0,,,,,
ordered_pause,C3,26,2052,,100,100,,100,,,,,,0,0,0,,,,,
ordered_pause,C3,27,2053,,100,100,,100,,,,,,0,0,0,,,,,
ordered_pause,C3,28,2054,,100,100,,100,,,,,,0,0,0,,,,,
ordered_pause,C3,29,2055,,100,100,,100,,,,,,0,0,0,,,,,
duplicate_pause,C3,0,2026,,100,100,,100,,,,,0,,,,,,,,
ordered_pause,C3r,0,2026,,100,100,,,100,,,,,0,0,0,,,,,
ordered_pause,C3r,1,2027,,100,100,,,100,,,,,0,0,0,,,,,
ordered_pause,C3r,2,2028,,100,100,,,100,,,,,0,0,0,,,,,
ordered_pause,C3r,3,2029,,100,100,1,,99,,,,,0,0,1,,,,,
ordered_pause,C3r,4,2030,,100,100,,,100,,,,,0,0,0,,,,,
ordered_pause,C3r,5,2031,,100,100,,,100,,,,,0,0,0,,,,,
ordered_pause,C3r,6,2032,,100,100,,,100,,,,,0,0,0,,,,,
ordered_pause,C3r,7,2033,,100,100,,,100,,,,,0,0,0,,,,,
ordered_pause,C3r,8,2034,,100,100,1,,99,,,,,0,0,1,,,,,
ordered_pause,C3r,9,2035,,100,100,,,100,,,,,0,0,0,,,,,
ordered_pause,C3r,10,2036,,100,100,,,100,,,,,0,0,0,,,,,
ordered_pause,C3r,11,2037,,100,100,,,100,,,,,0,0,0,,,,,
ordered_pause,C3r,12,2038,,100,100,1,,99,,,,,0,0,1,,,,,
ordered_pause,C3r,13,2039,,100,100,1,,99,,,,,0,0,1,,,,,
ordered_pause,C3r,14,2040,,100,100,1,,99,,,,,0,0,1,,,,,
ordered_pause,C3r,15,2041,,100,100,1,,99,,,,,0,0,1,,,,,
ordered_pause,C3r,16,2042,,100,100,,,100,,,,,0,0,0,,,,,
ordered_pause,C3r,17,2043,,100,100,,,100,,,,,0,0,0,,,,,
ordered_pause,C3r,18,2044,,100,100,,,100,,,,,0,0,0,,,,,
ordered_pause,C3r,19,2045,,100,100,,,100,,,,,0,0,0,,,,,
ordered_pause,C3r,20,2046,,100,100,,,100,,,,,0,0,0,,,,,
ordered_pause,C3r,21,2047,,100,100,,,100,,,,,0,0,0,,,,,
ordered_pause,C3r,22,2048,,100,100,1,,99,,,,,0,0,1,,,,,
ordered_pause,C3r,23,2049,,100,100,,,100,,,,,0,0,0,,,,,
ordered_pause,C3r,24,2050,,100,100,,,100,,,,,0,0,0,,,,,
ordered_pause,C3r,25,2051,,100,100,,,100,,,,,0,0,0,,,,,
ordered_pause,C3r,26,2052,,100,100,,,100,,,,,0,0,0,,,,,
ordered_pause,C3r,27,2053,,100,100,,,100,,,,,0,0,0,,,,,
ordered_pause,C3r,28,2054,,100,100,1,,99,,,,,0,0,1,,,,,
ordered_pause,C3r,29,2055,,100,100,1,,99,,,,,0,0,1,,,,,
duplicate_pause,C3r,0,2026,,100,100,,,,,100,,0,,,,,,,,
ordered_pause,C4,0,2026,,100,100,,100,,,,,,0,0,0,,,,,
ordered_pause,C4,1,2027,,100,100,,100,,,,,,0,0,0,,,,,
ordered_pause,C4,2,2028,,100,100,,100,,,,,,0,0,0,,,,,
ordered_pause,C4,3,2029,,100,100,,100,,,,,,0,0,0,,,,,
ordered_pause,C4,4,2030,,100,100,,100,,,,,,0,0,0,,,,,
ordered_pause,C4,5,2031,,100,100,,100,,,,,,0,0,0,,,,,
ordered_pause,C4,6,2032,,100,100,,100,,,,,,0,0,0,,,,,
ordered_pause,C4,7,2033,,100,100,,100,,,,,,0,0,0,,,,,
ordered_pause,C4,8,2034,,100,100,,100,,,,,,0,0,0,,,,,
ordered_pause,C4,9,2035,,100,100,,100,,,,,,0,0,0,,,,,
ordered_pause,C4,10,2036,,100,100,,100,,,,,,0,0,0,,,,,
ordered_pause,C4,11,2037,,100,100,,100,,,,,,0,0,0,,,,,
ordered_pause,C4,12,2038,,100,100,,100,,,,,,0,0,0,,,,,
ordered_pause,C4,13,2039,,100,100,,100,,,,,,0,0,0,,,,,
ordered_pause,C4,14,2040,,100,100,,100,,,,,,0,0,0,,,,,
ordered_pause,C4,15,2041,,100,100,,100,,,,,,0,0,0,,,,,
ordered_pause,C4,16,2042,,100,100,,100,,,,,,0,0,0,,,,,
ordered_pause,C4,17,2043,,100,100,,100,,,,,,0,0,0,,,,,
ordered_pause,C4,18,2044,,100,100,,100,,,,,,0,0,0,,,,,
ordered_pause,C4,19,2045,,100,100,,100,,,,,,0,0,0,,,,,
ordered_pause,C4,20,2046,,100,100,,100,,,,,,0,0,0,,,,,
ordered_pause,C4,21,2047,,100,100,,100,,,,,,0,0,0,,,,,
ordered_pause,C4,22,2048,,100,100,,100,,,,,,0,0,0,,,,,
ordered_pause,C4,23,2049,,100,100,,100,,,,,,0,0,0,,,,,
ordered_pause,C4,24,2050,,100,100,,100,,,,,,0,0,0,,,,,
ordered_pause,C4,25,2051,,100,100,,100,,,,,,0,0,0,,,,,
ordered_pause,C4,26,2052,,100,100,,100,,,,,,0,0,0,,,,,
ordered_pause,C4,27,2053,,100,100,,100,,,,,,0,0,0,,,,,
ordered_pause,C4,28,2054,,100,100,,100,,,,,,0,0,0,,,,,
ordered_pause,C4,29,2055,,100,100,,100,,,,,,0,0,0,,,,,
duplicate_pause,C4,0,2026,,100,100,,100,,,,,0,,,,,,,,
lost_ack,C2f,0,102026,,100,0,,,,,,,,,,,13,13,,,
lost_ack,C2f,1,102027,,100,0,,,,,,,,,,,7,7,,,
lost_ack,C2f,2,102028,,100,0,,,,,,,,,,,6,6,,,
lost_ack,C2f,3,102029,,100,0,,,,,,,,,,,2,2,,,
lost_ack,C2f,4,102030,,100,0,,,,,,,,,,,8,8,,,
lost_ack,C2f,5,102031,,100,0,,,,,,,,,,,8,8,,,
lost_ack,C2f,6,102032,,100,0,,,,,,,,,,,2,2,,,
lost_ack,C2f,7,102033,,100,0,,,,,,,,,,,7,7,,,
lost_ack,C2f,8,102034,,100,0,,,,,,,,,,,4,4,,,
lost_ack,C2f,9,102035,,100,0,,,,,,,,,,,5,5,,,
lost_ack,C2f,10,102036,,100,0,,,,,,,,,,,5,5,,,
lost_ack,C2f,11,102037,,100,0,,,,,,,,,,,6,6,,,
lost_ack,C2f,12,102038,,100,0,,,,,,,,,,,6,6,,,
lost_ack,C2f,13,102039,,100,0,,,,,,,,,,,3,3,,,
lost_ack,C2f,14,102040,,100,0,,,,,,,,,,,7,7,,,
lost_ack,C2f,15,102041,,100,0,,,,,,,,,,,9,9,,,
lost_ack,C2f,16,102042,,100,0,,,,,,,,,,,6,6,,,
lost_ack,C2f,17,102043,,100,0,,,,,,,,,,,4,4,,,
lost_ack,C2f,18,102044,,100,0,,,,,,,,,,,3,3,,,
lost_ack,C2f,19,102045,,100,0,,,,,,,,,,,5,5,,,
lost_ack,C2f,20,102046,,100,0,,,,,,,,,,,3,3,,,
lost_ack,C2f,21,102047,,100,0,,,,,,,,,,,6,6,,,
lost_ack,C2f,22,102048,,100,0,,,,,,,,,,,9,9,,,
lost_ack,C2f,23,102049,,100,0,,,,,,,,,,,1,1,,,
lost_ack,C2f,24,102050,,100,0,,,,,,,,,,,5,5,,,
lost_ack,C2f,25,102051,,100,0,,,,,,,,,,,4,4,,,
lost_ack,C2f,26,102052,,100,0,,,,,,,,,,,6,6,,,
lost_ack,C2f,27,102053,,100,0,,,,,,,,,,,4,4,,,
lost_ack,C2f,28,102054,,100,0,,,,,,,,,,,6,6,,,
lost_ack,C2f,29,102055,,100,0,,,,,,,,,,,5,5,,,
lost_ack,C3,0,102026,,100,0,,,,,,,,,,,13,,13,,
lost_ack,C3,1,102027,,100,0,,,,,,,,,,,7,,7,,
lost_ack,C3,2,102028,,100,0,,,,,,,,,,,6,,6,,
lost_ack,C3,3,102029,,100,0,,,,,,,,,,,2,,2,,
lost_ack,C3,4,102030,,100,0,,,,,,,,,,,8,,8,,
lost_ack,C3,5,102031,,100,0,,,,,,,,,,,8,,8,,
lost_ack,C3,6,102032,,100,0,,,,,,,,,,,2,,2,,
lost_ack,C3,7,102033,,100,0,,,,,,,,,,,7,,7,,
lost_ack,C3,8,102034,,100,0,,,,,,,,,,,4,,4,,
lost_ack,C3,9,102035,,100,0,,,,,,,,,,,5,,5,,
lost_ack,C3,10,102036,,100,0,,,,,,,,,,,5,,5,,
lost_ack,C3,11,102037,,100,0,,,,,,,,,,,6,,6,,
lost_ack,C3,12,102038,,100,0,,,,,,,,,,,6,,6,,
lost_ack,C3,13,102039,,100,0,,,,,,,,,,,3,,3,,
lost_ack,C3,14,102040,,100,0,,,,,,,,,,,7,,7,,
lost_ack,C3,15,102041,,100,0,,,,,,,,,,,9,,9,,
lost_ack,C3,16,102042,,100,0,,,,,,,,,,,6,,6,,
lost_ack,C3,17,102043,,100,0,,,,,,,,,,,4,,4,,
lost_ack,C3,18,102044,,100,0,,,,,,,,,,,3,,3,,
lost_ack,C3,19,102045,,100,0,,,,,,,,,,,5,,5,,
lost_ack,C3,20,102046,,100,0,,,,,,,,,,,3,,3,,
lost_ack,C3,21,102047,,100,0,,,,,,,,,,,6,,6,,
lost_ack,C3,22,102048,,100,0,,,,,,,,,,,9,,9,,
lost_ack,C3,23,102049,,100,0,,,,,,,,,,,1,,1,,
lost_ack,C3,24,102050,,100,0,,,,,,,,,,,5,,5,,
lost_ack,C3,25,102051,,100,0,,,,,,,,,,,4,,4,,
lost_ack,C3,26,102052,,100,0,,,,,,,,,,,6,,6,,
lost_ack,C3,27,102053,,100,0,,,,,,,,,,,4,,4,,
lost_ack,C3,28,102054,,100,0,,,,,,,,,,,6,,6,,
lost_ack,C3,29,102055,,100,0,,,,,,,,,,,5,,5,,
lost_ack,C4,0,102026,,100,0,,,,,,,,,,,13,,,13,
lost_ack,C4,1,102027,,100,0,,,,,,,,,,,7,,,7,
lost_ack,C4,2,102028,,100,0,,,,,,,,,,,6,,,6,
lost_ack,C4,3,102029,,100,0,,,,,,,,,,,2,,,2,
lost_ack,C4,4,102030,,100,0,,,,,,,,,,,8,,,8,
lost_ack,C4,5,102031,,100,0,,,,,,,,,,,8,,,8,
lost_ack,C4,6,102032,,100,0,,,,,,,,,,,2,,,2,
lost_ack,C4,7,102033,,100,0,,,,,,,,,,,7,,,7,
lost_ack,C4,8,102034,,100,0,,,,,,,,,,,4,,,4,
lost_ack,C4,9,102035,,100,0,,,,,,,,,,,5,,,5,
lost_ack,C4,10,102036,,100,0,,,,,,,,,,,5,,,5,
lost_ack,C4,11,102037,,100,0,,,,,,,,,,,6,,,6,
lost_ack,C4,12,102038,,100,0,,,,,,,,,,,6,,,6,
lost_ack,C4,13,102039,,100,0,,,,,,,,,,,3,,,3,
lost_ack,C4,14,102040,,100,0,,,,,,,,,,,7,,,7,
lost_ack,C4,15,102041,,100,0,,,,,,,,,,,9,,,9,
lost_ack,C4,16,102042,,100,0,,,,,,,,,,,6,,,6,
lost_ack,C4,17,102043,,100,0,,,,,,,,,,,4,,,4,
lost_ack,C4,18,102044,,100,0,,,,,,,,,,,3,,,3,
lost_ack,C4,19,102045,,100,0,,,,,,,,,,,5,,,5,
lost_ack,C4,20,102046,,100,0,,,,,,,,,,,3,,,3,
lost_ack,C4,21,102047,,100,0,,,,,,,,,,,6,,,6,
lost_ack,C4,22,102048,,100,0,,,,,,,,,,,9,,,9,
lost_ack,C4,23,102049,,100,0,,,,,,,,,,,1,,,1,
lost_ack,C4,24,102050,,100,0,,,,,,,,,,,5,,,5,
lost_ack,C4,25,102051,,100,0,,,,,,,,,,,4,,,4,
lost_ack,C4,26,102052,,100,0,,,,,,,,,,,6,,,6,
lost_ack,C4,27,102053,,100,0,,,,,,,,,,,4,,,4,
lost_ack,C4,28,102054,,100,0,,,,,,,,,,,6,,,6,
lost_ack,C4,29,102055,,100,0,,,,,,,,,,,5,,,5,
after_grant,C3,0,2026,0,100,100,,100,,,,,,0,,0,,,,,
after_grant,C3,0,2026,1,100,100,,100,,,,,,0,,0,,,,,
after_grant,C3,0,2026,5,100,100,,100,,,,,,0,,0,,,,,
after_grant,C3r,0,2026,0,100,100,100,,,,,,,0,,100,,,,,
after_grant,C3r,0,2026,1,100,100,100,,,,,,,0,,100,,,,,
after_grant,C3r,0,2026,5,100,100,,,100,,,,,0,,0,,,,,
