series,condition,delay_s,metric,planned,valid,invalid,items,events,mean_per_trial,bootstrap_95_low,bootstrap_95_high
ordered_pause,C1,,version_regression,30,30,0,3000,3000,100.0,100.0,100.0
ordered_pause,C1u,,version_regression,30,30,0,3000,3000,100.0,100.0,100.0
ordered_pause,C1v,,version_regression,30,30,0,3000,0,0.0,0.0,0.0
ordered_pause,C2,,version_regression,30,30,0,3000,3000,100.0,100.0,100.0
ordered_pause,C2,,epoch_regression,30,30,0,3000,2067,68.9,67.23333333333333,70.53333333333333
ordered_pause,C2f,,version_regression,30,30,0,3000,0,0.0,0.0,0.0
ordered_pause,C2f,,epoch_regression,30,30,0,3000,0,0.0,0.0,0.0
ordered_pause,C3,,version_regression,30,30,0,3000,0,0.0,0.0,0.0
ordered_pause,C3,,epoch_regression,30,30,0,3000,0,0.0,0.0,0.0
ordered_pause,C3,,late_accept,30,30,0,3000,0,0.0,0.0,0.0
ordered_pause,C3r,,version_regression,30,30,0,3000,933,31.1,29.466666666666665,32.766666666666666
ordered_pause,C3r,,epoch_regression,30,30,0,3000,0,0.0,0.0,0.0
ordered_pause,C3r,,late_accept,30,30,0,3000,933,31.1,29.466666666666665,32.766666666666666
ordered_pause,C4,,version_regression,30,30,0,3000,0,0.0,0.0,0.0
ordered_pause,C4,,epoch_regression,30,30,0,3000,0,0.0,0.0,0.0
duplicate_pause,C1,,accepted_duplicates,30,30,0,3000,3000,100.0,100.0,100.0
duplicate_pause,C1u,,accepted_duplicates,30,30,0,3000,0,0.0,0.0,0.0
duplicate_pause,C2,,accepted_duplicates,30,30,0,3000,3000,100.0,100.0,100.0
duplicate_pause,C2f,,accepted_duplicates,30,30,0,3000,3000,100.0,100.0,100.0
duplicate_pause,C3,,accepted_duplicates,30,30,0,3000,0,0.0,0.0,0.0
duplicate_pause,C3r,,accepted_duplicates,30,30,0,3000,0,0.0,0.0,0.0
duplicate_pause,C4,,accepted_duplicates,30,30,0,3000,0,0.0,0.0,0.0
lost_ack,C2f,,lost_ack,30,30,0,3000,165,5.5,4.666666666666667,6.366666666666666
lost_ack,C2f,,duplicate_accepted,30,30,0,3000,165,5.5,4.666666666666667,6.366666666666666
lost_ack,C2f,,unresolved_ambiguous,30,30,0,3000,0,0.0,0.0,0.0
lost_ack,C2f,,replay_stable,30,30,0,3000,0,0.0,0.0,0.0
lost_ack,C2f,,replay_mismatch,30,30,0,3000,0,0.0,0.0,0.0
lost_ack,C3,,lost_ack,30,30,0,3000,165,5.5,4.666666666666667,6.366666666666666
lost_ack,C3,,duplicate_accepted,30,30,0,3000,0,0.0,0.0,0.0
lost_ack,C3,,unresolved_ambiguous,30,30,0,3000,165,5.5,4.666666666666667,6.366666666666666
lost_ack,C3,,replay_stable,30,30,0,3000,0,0.0,0.0,0.0
lost_ack,C3,,replay_mismatch,30,30,0,3000,0,0.0,0.0,0.0
lost_ack,C4,,lost_ack,30,30,0,3000,165,5.5,4.666666666666667,6.366666666666666
lost_ack,C4,,duplicate_accepted,30,30,0,3000,0,0.0,0.0,0.0
lost_ack,C4,,unresolved_ambiguous,30,30,0,3000,0,0.0,0.0,0.0
lost_ack,C4,,replay_stable,30,30,0,3000,165,5.5,4.666666666666667,6.366666666666666
lost_ack,C4,,replay_mismatch,30,30,0,3000,0,0.0,0.0,0.0
after_grant,C3,0,late_accept,30,30,0,3000,0,0.0,0.0,0.0
after_grant,C3,1,late_accept,30,30,0,3000,0,0.0,0.0,0.0
after_grant,C3,5,late_accept,30,30,0,3000,0,0.0,0.0,0.0
after_grant,C3r,0,late_accept,30,30,0,3000,3000,100.0,100.0,100.0
after_grant,C3r,1,late_accept,30,30,0,3000,3000,100.0,100.0,100.0
after_grant,C3r,5,late_accept,30,30,0,3000,0,0.0,0.0,0.0
